essay_number 	 component_id 	 cogency_score 	 rhetorical_strategy 	 reasonableness_counterargument 	 reasonableness_rebuttal
031	T17	Cogency_25	Logos		
031	T1	Cogency_25	No_Rethorics	Reasonableness_counterargument_0	Reasonableness_rebuttal_0
031	T3	Cogency_0	No_Rethorics		
031	T8	Cogency_15	Ethos		
031	T4	Cogency_20	No_Rethorics		
025	T1	Cogency_20	No_Rethorics	Reasonableness_counterargument_25	Reasonableness_rebuttal_0
025	T2	Cogency_25	No_Rethorics		
025	T9	Cogency_20	No_Rethorics		
025	T8	Cogency_20	Logos		
019	T6	Cogency_25	No_Rethorics		
019	T5	Cogency_0	No_Rethorics		
019	T1	Cogency_25	No_Rethorics		
019	T2	Cogency_15	No_Rethorics		
019	T13	Cogency_20	No_Rethorics		
233	T5	Cogency_25	No_Rethorics		
233	T9	Cogency_15	No_Rethorics		
233	T2	Cogency_10	No_Rethorics		
233	T1	Cogency_25	No_Rethorics	Reasonableness_counterargument_10	Reasonableness_rebuttal_0
227	T7	Cogency_15	No_Rethorics	Reasonableness_counterargument_0	Reasonableness_rebuttal_0
227	T10	Cogency_25	Logos		
227	T3	Cogency_0	No_Rethorics		
227	T1	Cogency_15	No_Rethorics	Reasonableness_counterargument_25	Reasonableness_rebuttal_0
384	T11	Cogency_25	No_Rethorics		
384	T7	Cogency_25	No_Rethorics		
384	T1	Cogency_10	No_Rethorics	Reasonableness_counterargument_25	Reasonableness_rebuttal_0
390	T9	Cogency_25	No_Rethorics		
390	T3	Cogency_25	No_Rethorics		
390	T6	Cogency_10	No_Rethorics		
390	T2	Cogency_0	No_Rethorics		
390	T1	Cogency_20	No_Rethorics		
347	T7	Cogency_25	No_Rethorics		
347	T4	Cogency_10	No_Rethorics		
347	T3	Cogency_10	No_Rethorics	Reasonableness_counterargument_25	Reasonableness_rebuttal_0
347	T2	Cogency_10	No_Rethorics		
347	T14	Cogency_10	No_Rethorics		
347	T9	Cogency_20	No_Rethorics		
353	T12	Cogency_10	No_Rethorics		
353	T11	Cogency_0	No_Rethorics		
353	T9	Cogency_10	No_Rethorics		
353	T1	Cogency_20	No_Rethorics		
353	T7	Cogency_20	No_Rethorics		
186	T14	Cogency_25	No_Rethorics	Reasonableness_counterargument_10	Reasonableness_rebuttal_0
186	T3	Cogency_20	No_Rethorics	Reasonableness_counterargument_0	Reasonableness_rebuttal_0
186	T2	Cogency_0	No_Rethorics		
186	T10	Cogency_20	No_Rethorics		
186	T9	Cogency_25	No_Rethorics		
192	T1	Cogency_25	No_Rethorics	Reasonableness_counterargument_25	Reasonableness_rebuttal_10
192	T3	Cogency_10	No_Rethorics		
192	T7	Cogency_0	No_Rethorics		Reasonableness_rebuttal_10
192	T5	Cogency_10	No_Rethorics		
192	T9	Cogency_25	No_Rethorics		
145	T11	Cogency_20	No_Rethorics		
145	T16	Cogency_10	No_Rethorics	Reasonableness_counterargument_25	Reasonableness_rebuttal_0
145	T3	Cogency_0	No_Rethorics		
145	T1	Cogency_25	No_Rethorics	Reasonableness_counterargument_10	Reasonableness_rebuttal_15
145	T4	Cogency_0	No_Rethorics		
145	T6	Cogency_25	No_Rethorics		
151	T3	Cogency_0	No_Rethorics		
151	T1	Cogency_20	No_Rethorics		
151	T4	Cogency_25	No_Rethorics		
151	T11	Cogency_0	No_Rethorics		
179	T7	Cogency_25	No_Rethorics		
179	T13	Cogency_25	No_Rethorics		
179	T3	Cogency_15	No_Rethorics		
179	T2	Cogency_25	No_Rethorics		
178	T7	Cogency_25	No_Rethorics		
178	T1	Cogency_25	No_Rethorics		
178	T8	Cogency_25	No_Rethorics		
178	T2	Cogency_25	No_Rethorics		
150	T4	Cogency_25	No_Rethorics		
150	T9	Cogency_25	No_Rethorics		
150	T3	Cogency_0	No_Rethorics		
150	T1	Cogency_15	No_Rethorics	Reasonableness_counterargument_10	Reasonableness_rebuttal_10
150	T16	Cogency_10	No_Rethorics	Reasonableness_counterargument_10	Reasonableness_rebuttal_0
144	T4	Cogency_20	No_Rethorics		
144	T10	Cogency_15	No_Rethorics	Reasonableness_counterargument_0	Reasonableness_rebuttal_15
144	T3	Cogency_0	No_Rethorics		
144	T1	Cogency_20	No_Rethorics		
193	T12	Cogency_25	No_Rethorics		
193	T6	Cogency_20	No_Rethorics		
193	T15	Cogency_25	No_Rethorics		
193	T2	Cogency_25	No_Rethorics		
193	T17	Cogency_0	No_Rethorics		
187	T11	Cogency_25	No_Rethorics		
187	T9	Cogency_25	No_Rethorics		
187	T1	Cogency_25	No_Rethorics	Reasonableness_counterargument_25	Reasonableness_rebuttal_0
187	T3	Cogency_25	No_Rethorics		
352	T2	Cogency_15	No_Rethorics		
352	T1	Cogency_0	No_Rethorics		
352	T9	Cogency_25	No_Rethorics		
352	T4	Cogency_25	No_Rethorics		
346	T1	Cogency_25	No_Rethorics	Reasonableness_counterargument_0	Reasonableness_rebuttal_0
346	T3	Cogency_0	No_Rethorics		
346	T9	Cogency_25	Pathos		
346	T7	Cogency_25	No_Rethorics	Reasonableness_counterargument_0	Reasonableness_rebuttal_10
391	T13	Cogency_10	No_Rethorics		
391	T2	Cogency_0	No_Rethorics		
391	T1	Cogency_25	No_Rethorics	Reasonableness_counterargument_25	Reasonableness_rebuttal_0
391	T6	Cogency_25	No_Rethorics		
391	T11	Cogency_25	No_Rethorics		
385	T3	Cogency_25	No_Rethorics		
385	T1	Cogency_10	No_Rethorics	Reasonableness_counterargument_25	Reasonableness_rebuttal_0
385	T11	Cogency_25	Logos		
226	T14	Cogency_15	Pathos		
226	T1	Cogency_0	No_Rethorics		
226	T2	Cogency_25	No_Rethorics		
226	T4	Cogency_25	No_Rethorics		
226	T10	Cogency_25	Ethos		
232	T2	Cogency_0	No_Rethorics		
232	T1	Cogency_25	No_Rethorics	Reasonableness_counterargument_25	Reasonableness_rebuttal_0
232	T3	Cogency_25	No_Rethorics		
232	T7	Cogency_25	No_Rethorics		
232	T11	Cogency_25	No_Rethorics		
018	T1	Cogency_15	No_Rethorics	Reasonableness_counterargument_15	Reasonableness_rebuttal_0
018	T2	Cogency_15	No_Rethorics		
018	T12	Cogency_20	No_Rethorics		
018	T6	Cogency_15	No_Rethorics		
024	T6	Cogency_20	Logos		
024	T3	Cogency_10	No_Rethorics		
024	T1	Cogency_20	No_Rethorics	Reasonableness_counterargument_0	Reasonableness_rebuttal_0
024	T2	Cogency_0	No_Rethorics		
024	T9	Cogency_15	Logos		
030	T6	Cogency_15	No_Rethorics		
030	T3	Cogency_10	Ethos		
030	T2	Cogency_0	No_Rethorics		
030	T15	Cogency_0	No_Rethorics		
030	T1	Cogency_20	No_Rethorics	Reasonableness_counterargument_0	Reasonableness_rebuttal_0
030	T12	Cogency_10	No_Rethorics		
026	T4	Cogency_0	No_Rethorics		
026	T3	Cogency_25	No_Rethorics	Reasonableness_counterargument_10	Reasonableness_rebuttal_0
026	T5	Cogency_20	Logos		
026	T9	Cogency_10	Logos		
026	T1	Cogency_0	No_Rethorics		
026	T11	Cogency_20	No_Rethorics		
032	T14	Cogency_20	Ethos		
032	T6	Cogency_20	Ethos		
032	T11	Cogency_15	No_Rethorics		
032	T3	Cogency_0	No_Rethorics		
032	T1	Cogency_25	No_Rethorics	Reasonableness_counterargument_10	Reasonableness_rebuttal_0
032	T4	Cogency_0	No_Rethorics		
032	T5	Cogency_0	No_Rethorics		
224	T18	Cogency_25	No_Rethorics		
224	T10	Cogency_15	No_Rethorics		
224	T1	Cogency_20	No_Rethorics		
224	T4	Cogency_25	No_Rethorics		
230	T12	Cogency_0	No_Rethorics		
230	T8	Cogency_25	No_Rethorics		
230	T1	Cogency_20	No_Rethorics		
230	T2	Cogency_15	No_Rethorics		
218	T1	Cogency_25	No_Rethorics		
218	T3	Cogency_25	No_Rethorics		
218	T11	Cogency_20	No_Rethorics		
218	T8	Cogency_25	No_Rethorics		
393	T12	Cogency_0	No_Rethorics		
393	T10	Cogency_25	No_Rethorics		
393	T5	Cogency_25	No_Rethorics		
393	T1	Cogency_25	No_Rethorics		
393	T2	Cogency_25	No_Rethorics		
387	T10	Cogency_10	No_Rethorics		
387	T7	Cogency_25	Logos		
387	T1	Cogency_25	No_Rethorics	Reasonableness_counterargument_0	Reasonableness_rebuttal_0
387	T2	Cogency_0	No_Rethorics		
387	T13	Cogency_0	No_Rethorics		
387	T12	Cogency_25	No_Rethorics		
350	T16	Cogency_0	No_Rethorics		
350	T7	Cogency_25	Logos		
350	T13	Cogency_25	Logos		
350	T2	Cogency_0	No_Rethorics		
350	T1	Cogency_25	No_Rethorics	Reasonableness_counterargument_0	Reasonableness_rebuttal_0
344	T10	Cogency_25	Pathos		
344	T13	Cogency_20	No_Rethorics		
344	T3	Cogency_0	No_Rethorics		
344	T1	Cogency_25	No_Rethorics		
344	T17	Cogency_0	No_Rethorics		
378	T3	Cogency_0	No_Rethorics		
378	T1	Cogency_25	No_Rethorics		
378	T6	Cogency_25	No_Rethorics		
378	T7	Cogency_15	No_Rethorics		
378	T10	Cogency_25	No_Rethorics		
191	T3	Cogency_25	No_Rethorics		
191	T1	Cogency_25	No_Rethorics		
191	T7	Cogency_25	No_Rethorics		
191	T11	Cogency_25	No_Rethorics		
191	T14	Cogency_0	No_Rethorics		
185	T2	Cogency_20	No_Rethorics		
185	T1	Cogency_25	No_Rethorics	Reasonableness_counterargument_0	Reasonableness_rebuttal_25
185	T8	Cogency_20	Logos	Reasonableness_counterargument_0	Reasonableness_rebuttal_0
185	T14	Cogency_0	No_Rethorics	Reasonableness_counterargument_25	Reasonableness_rebuttal_0
152	T3	Cogency_25	No_Rethorics	Reasonableness_counterargument_10	Reasonableness_rebuttal_10
152	T1	Cogency_10	No_Rethorics	Reasonableness_counterargument_10	Reasonableness_rebuttal_0
152	T14	Cogency_25	Logos		
152	T5	Cogency_10	No_Rethorics	Reasonableness_counterargument_0	Reasonableness_rebuttal_10
146	T14	Cogency_15	No_Rethorics		
146	T13	Cogency_25	No_Rethorics		
146	T1	Cogency_20	No_Rethorics		
146	T2	Cogency_0	No_Rethorics		
146	T5	Cogency_25	Pathos		
146	T3	Cogency_0	Ethos		
147	T10	Cogency_25	No_Rethorics		
147	T4	Cogency_0	No_Rethorics	Reasonableness_counterargument_10	Reasonableness_rebuttal_0
147	T1	Cogency_20	No_Rethorics		
147	T3	Cogency_0	No_Rethorics		
153	T9	Cogency_10	No_Rethorics		
153	T1	Cogency_25	No_Rethorics		
153	T5	Cogency_25	Ethos		
184	T6	Cogency_25	Pathos		
184	T4	Cogency_0	No_Rethorics		
184	T5	Cogency_25	Pathos	Reasonableness_counterargument_10	Reasonableness_rebuttal_0
184	T3	Cogency_0	No_Rethorics		
184	T1	Cogency_25	No_Rethorics	Reasonableness_counterargument_0	Reasonableness_rebuttal_0
190	T8	Cogency_25	No_Rethorics		
190	T9	Cogency_25	No_Rethorics		
190	T2	Cogency_0	No_Rethorics		
190	T1	Cogency_25	No_Rethorics	Reasonableness_counterargument_25	Reasonableness_rebuttal_0
379	T6	Cogency_25	No_Rethorics		
379	T11	Cogency_20	No_Rethorics		
379	T2	Cogency_0	No_Rethorics		
379	T1	Cogency_10	No_Rethorics	Reasonableness_counterargument_25	Reasonableness_rebuttal_0
345	T2	Cogency_0	No_Rethorics		
345	T1	Cogency_25	No_Rethorics		
345	T4	Cogency_0	No_Rethorics		
345	T8	Cogency_25	No_Rethorics		
345	T14	Cogency_25	Pathos		
351	T8	Cogency_25	No_Rethorics		
351	T1	Cogency_0	No_Rethorics		
351	T2	Cogency_10	No_Rethorics	Reasonableness_counterargument_25	Reasonableness_rebuttal_10
351	T4	Cogency_0	No_Rethorics		
351	T6	Cogency_0	No_Rethorics	Reasonableness_counterargument_25	Reasonableness_rebuttal_0
386	T1	Cogency_25	No_Rethorics		
386	T3	Cogency_0	No_Rethorics		
386	T10	Cogency_25	No_Rethorics		
386	T6	Cogency_25	Ethos		
392	T1	Cogency_25	No_Rethorics		
392	T3	Cogency_25	No_Rethorics		
392	T10	Cogency_25	No_Rethorics		
392	T5	Cogency_25	No_Rethorics		
219	T11	Cogency_10	No_Rethorics		
219	T8	Cogency_10	No_Rethorics		
219	T4	Cogency_25	No_Rethorics		
219	T1	Cogency_25	No_Rethorics		
219	T3	Cogency_0	No_Rethorics		
231	T1	Cogency_25	No_Rethorics	Reasonableness_counterargument_0	Reasonableness_rebuttal_25
231	T2	Cogency_0	No_Rethorics		
231	T6	Cogency_0	No_Rethorics	Reasonableness_counterargument_25	Reasonableness_rebuttal_0
231	T4	Cogency_10	No_Rethorics		
231	T11	Cogency_15	Pathos		
225	T17	Cogency_0	No_Rethorics		
225	T15	Cogency_25	No_Rethorics		
225	T1	Cogency_20	No_Rethorics		
225	T2	Cogency_0	No_Rethorics		
225	T8	Cogency_25	No_Rethorics		
225	T3	Cogency_25	No_Rethorics		
033	T4	Cogency_15	No_Rethorics		
033	T7	Cogency_10	No_Rethorics		
033	T3	Cogency_15	No_Rethorics		
033	T1	Cogency_20	No_Rethorics		Reasonableness_rebuttal_0
027	T6	Cogency_25	No_Rethorics		
027	T7	Cogency_15	No_Rethorics		
027	T2	Cogency_0	Logos		
027	T10	Cogency_25	No_Rethorics		
023	T14	Cogency_10	No_Rethorics		
023	T11	Cogency_10	No_Rethorics	Reasonableness_counterargument_0	Reasonableness_rebuttal_0
023	T3	Cogency_10	No_Rethorics	Reasonableness_counterargument_20	Reasonableness_rebuttal_20
023	T2	Cogency_0	No_Rethorics		
023	T9	Cogency_10	No_Rethorics		
023	T4	Cogency_15	No_Rethorics	Reasonableness_counterargument_0	Reasonableness_rebuttal_0
037	T1	Cogency_20	No_Rethorics		
037	T3	Cogency_0	No_Rethorics		
037	T13	Cogency_20	Ethos		
037	T4	Cogency_20	Pathos		
209	T3	Cogency_10	No_Rethorics		
209	T1	Cogency_cannotJudge	No_Rethorics		
209	T5	Cogency_10	No_Rethorics		
209	T7	Cogency_25	No_Rethorics		
221	T3	Cogency_0	No_Rethorics		
221	T4	Cogency_0	No_Rethorics		
221	T2	Cogency_0	No_Rethorics		
221	T1	Cogency_25	No_Rethorics		
221	T5	Cogency_25	No_Rethorics		
221	T12	Cogency_25	No_Rethorics		
221	T21	Cogency_0	No_Rethorics		
221	T19	Cogency_25	No_Rethorics		
235	T6	Cogency_25	No_Rethorics		
235	T10	Cogency_25	No_Rethorics		
235	T2	Cogency_10	No_Rethorics		
235	T1	Cogency_25	No_Rethorics		
396	T9	Cogency_25	No_Rethorics		
396	T3	Cogency_25	No_Rethorics		
396	T1	Cogency_25	No_Rethorics		
382	T4	Cogency_25	No_Rethorics		
382	T10	Cogency_25	No_Rethorics		
382	T2	Cogency_0	No_Rethorics		
382	T1	Cogency_25	No_Rethorics		
369	T1	Cogency_25	No_Rethorics		
369	T2	Cogency_0	No_Rethorics		
369	T12	Cogency_25	No_Rethorics	Reasonableness_counterargument_0	Reasonableness_rebuttal_10
369	T7	Cogency_25	No_Rethorics		
355	T13	Cogency_25	No_Rethorics	Reasonableness_counterargument_0	Reasonableness_rebuttal_25
355	T1	Cogency_10	No_Rethorics	Reasonableness_counterargument_25	Reasonableness_rebuttal_0
355	T6	Cogency_25	No_Rethorics		
341	T14	Cogency_0	No_Rethorics		
341	T11	Cogency_10	No_Rethorics		
341	T1	Cogency_25	No_Rethorics	Reasonableness_counterargument_10	Reasonableness_rebuttal_0
341	T4	Cogency_25	No_Rethorics	Reasonableness_counterargument_0	Reasonableness_rebuttal_10
194	T9	Cogency_20	Pathos		
194	T1	Cogency_25	No_Rethorics		
194	T3	Cogency_0	Ethos		
194	T5	Cogency_25	No_Rethorics		
194	T4	Cogency_0	No_Rethorics		
180	T2	Cogency_25	No_Rethorics		
180	T4	Cogency_25	No_Rethorics		
180	T10	Cogency_10	No_Rethorics		
180	T5	Cogency_10	No_Rethorics		
180	T15	Cogency_20	Logos		
157	T2	Cogency_25	Logos		
157	T1	Cogency_25	No_Rethorics		
157	T7	Cogency_25	Logos		
143	T3	Cogency_0	No_Rethorics		
143	T1	Cogency_20	No_Rethorics	Reasonableness_counterargument_15	Reasonableness_rebuttal_0
143	T9	Cogency_15	No_Rethorics		
143	T10	Cogency_15	No_Rethorics		
143	T16	Cogency_15	Pathos		
142	T2	Cogency_15	No_Rethorics		
142	T4	Cogency_15	No_Rethorics		
142	T1	Cogency_0	Ethos		
142	T3	Cogency_25	No_Rethorics	Reasonableness_counterargument_15	Reasonableness_rebuttal_10
142	T11	Cogency_10	Ethos	Reasonableness_counterargument_10	Reasonableness_rebuttal_0
142	T17	Cogency_0	No_Rethorics		
156	T8	Cogency_25	No_Rethorics		
156	T12	Cogency_10	No_Rethorics		
156	T3	Cogency_20	No_Rethorics		
156	T1	Cogency_25	No_Rethorics		
181	T12	Cogency_25	No_Rethorics		
181	T5	Cogency_25	No_Rethorics		
181	T3	Cogency_20	No_Rethorics		
181	T4	Cogency_0	No_Rethorics		
181	T14	Cogency_25	No_Rethorics		
195	T14	Cogency_10	No_Rethorics	Reasonableness_counterargument_10	Reasonableness_rebuttal_0
195	T12	Cogency_10	No_Rethorics		
195	T7	Cogency_25	No_Rethorics		
195	T5	Cogency_10	No_Rethorics		
195	T1	Cogency_25	No_Rethorics	Reasonableness_counterargument_10	Reasonableness_rebuttal_10
195	T4	Cogency_25	No_Rethorics		
340	T1	Cogency_25	No_Rethorics		
340	T3	Cogency_0	No_Rethorics		
340	T12	Cogency_25	No_Rethorics		
340	T4	Cogency_25	No_Rethorics		
354	T1	Cogency_20	No_Rethorics		
354	T3	Cogency_0	No_Rethorics		
354	T9	Cogency_25	No_Rethorics		
354	T4	Cogency_25	No_Rethorics		
368	T9	Cogency_25	Logos		
368	T1	Cogency_25	No_Rethorics		
368	T6	Cogency_25	Logos		
383	T8	Cogency_0	No_Rethorics		
383	T1	Cogency_0	No_Rethorics		
383	T2	Cogency_25	No_Rethorics	Reasonableness_counterargument_25	Reasonableness_rebuttal_0
383	T3	Cogency_25	No_Rethorics		
383	T6	Cogency_10	No_Rethorics		
397	T6	Cogency_10	No_Rethorics		
397	T1	Cogency_25	No_Rethorics		
397	T7	Cogency_10	No_Rethorics		
397	T8	Cogency_25	No_Rethorics		
234	T14	Cogency_25	No_Rethorics		
234	T3	Cogency_0	No_Rethorics		
234	T1	Cogency_20	No_Rethorics		
234	T5	Cogency_25	No_Rethorics		
234	T12	Cogency_25	No_Rethorics		
220	T3	Cogency_25	No_Rethorics		
220	T1	Cogency_25	No_Rethorics		
220	T5	Cogency_25	No_Rethorics		
220	T13	Cogency_25	No_Rethorics		
220	T20	Cogency_25	No_Rethorics		
208	T12	Cogency_25	No_Rethorics		
208	T4	Cogency_25	No_Rethorics		
208	T11	Cogency_25	No_Rethorics		
208	T1	Cogency_0	No_Rethorics		
208	T2	Cogency_25	No_Rethorics	Reasonableness_counterargument_0	Reasonableness_rebuttal_0
036	T8	Cogency_10	No_Rethorics	Reasonableness_counterargument_0	Reasonableness_rebuttal_0
036	T4	Cogency_20	Pathos		
036	T1	Cogency_25	No_Rethorics		
036	T3	Cogency_0	No_Rethorics		
036	T11	Cogency_20	Logos		
022	T7	Cogency_25	Ethos		
022	T3	Cogency_20	No_Rethorics		
022	T1	Cogency_15	No_Rethorics	Reasonableness_counterargument_25	Reasonableness_rebuttal_0
022	T2	Cogency_0	No_Rethorics		
008	T4	Cogency_25	Logos		
008	T8	Cogency_20	Logos	Reasonableness_counterargument_0	Reasonableness_rebuttal_0
008	T3	Cogency_0	No_Rethorics		
008	T1	Cogency_20	No_Rethorics		
034	T3	Cogency_0	No_Rethorics	Reasonableness_counterargument_10	Reasonableness_rebuttal_0
034	T1	Cogency_15	No_Rethorics	Reasonableness_counterargument_15	Reasonableness_rebuttal_10
034	T6	Cogency_25	No_Rethorics		
034	T12	Cogency_25	No_Rethorics		
020	T12	Cogency_0	No_Rethorics		
020	T13	Cogency_0	No_Rethorics		
020	T3	Cogency_0	No_Rethorics		
020	T1	Cogency_20	No_Rethorics		
020	T4	Cogency_20	Logos		
020	T8	Cogency_25	No_Rethorics		
236	T16	Cogency_25	No_Rethorics		
236	T13	Cogency_0	No_Rethorics		
236	T10	Cogency_25	No_Rethorics		
236	T1	Cogency_25	No_Rethorics		
236	T3	Cogency_15	Pathos		
222	T4	Cogency_25	No_Rethorics		
222	T3	Cogency_0	No_Rethorics		
222	T1	Cogency_25	No_Rethorics		
222	T2	Cogency_0	No_Rethorics		
222	T13	Cogency_25	No_Rethorics		
222	T8	Cogency_25	No_Rethorics		
381	T9	Cogency_10	No_Rethorics		
381	T4	Cogency_20	No_Rethorics		
381	T1	Cogency_25	No_Rethorics	Reasonableness_counterargument_0	Reasonableness_rebuttal_0
381	T2	Cogency_0	No_Rethorics		
395	T10	Cogency_10	No_Rethorics	Reasonableness_counterargument_25	Reasonableness_rebuttal_0
395	T8	Cogency_25	No_Rethorics		
395	T1	Cogency_25	No_Rethorics	Reasonableness_counterargument_10	Reasonableness_rebuttal_25
395	T2	Cogency_25	No_Rethorics		
342	T5	Cogency_10	No_Rethorics	Reasonableness_counterargument_10	Reasonableness_rebuttal_0
342	T10	Cogency_25	No_Rethorics		
342	T2	Cogency_0	No_Rethorics	Reasonableness_counterargument_10	Reasonableness_rebuttal_0
342	T1	Cogency_10	No_Rethorics	Reasonableness_counterargument_15	Reasonableness_rebuttal_25
356	T6	Cogency_25	No_Rethorics		
356	T11	Cogency_25	No_Rethorics		
356	T2	Cogency_0	No_Rethorics	Reasonableness_counterargument_10	Reasonableness_rebuttal_0
356	T1	Cogency_25	No_Rethorics	Reasonableness_counterargument_20	Reasonableness_rebuttal_10
356	T12	Cogency_25	No_Rethorics		
183	T3	Cogency_0	No_Rethorics		
183	T1	Cogency_15	No_Rethorics	Reasonableness_counterargument_0	Reasonableness_rebuttal_0
183	T4	Cogency_25	No_Rethorics		
183	T8	Cogency_15	No_Rethorics		
183	T11	Cogency_10	No_Rethorics		
183	T13	Cogency_0	No_Rethorics		
197	T8	Cogency_25	No_Rethorics		
197	T1	Cogency_0	No_Rethorics		
197	T2	Cogency_cannotJudge	No_Rethorics	Reasonableness_counterargument_cannotJudge	Reasonableness_rebuttal_cannotJudge
197	T4	Cogency_25	No_Rethorics		
197	T7	Cogency_0	No_Rethorics		
168	T14	Cogency_25	No_Rethorics		
168	T13	Cogency_20	No_Rethorics		
168	T3	Cogency_15	No_Rethorics		
168	T1	Cogency_25	No_Rethorics		
168	T2	Cogency_0	No_Rethorics		
140	T1	Cogency_15	Pathos		
140	T2	Cogency_25	Logos		
140	T5	Cogency_15	Pathos		
154	T19	Cogency_20	Ethos		
154	T11	Cogency_20	Ethos		
154	T6	Cogency_20	Ethos		
154	T1	Cogency_25	No_Rethorics		
154	T2	Cogency_0	Ethos		
154	T5	Cogency_0	Ethos		
154	T4	Cogency_0	No_Rethorics		
155	T14	Cogency_25	Pathos		
155	T11	Cogency_10	Logos		
155	T20	Cogency_0	Logos		
155	T6	Cogency_25	No_Rethorics		
155	T3	Cogency_25	No_Rethorics		
155	T1	Cogency_25	No_Rethorics		
155	T2	Cogency_0	No_Rethorics		
141	T17	Cogency_10	Pathos		
141	T11	Cogency_10	Pathos		
141	T1	Cogency_15	No_Rethorics	Reasonableness_counterargument_10	Reasonableness_rebuttal_0
141	T3	Cogency_0	No_Rethorics		
141	T18	Cogency_10	No_Rethorics	Reasonableness_counterargument_0	Reasonableness_rebuttal_0
169	T20	Cogency_25	No_Rethorics		
169	T11	Cogency_25	No_Rethorics		
169	T10	Cogency_15	No_Rethorics		
169	T7	Cogency_20	No_Rethorics	Reasonableness_counterargument_15	Reasonableness_rebuttal_0
169	T2	Cogency_0	No_Rethorics	Reasonableness_counterargument_10	Reasonableness_rebuttal_0
169	T9	Cogency_25	No_Rethorics		
169	T5	Cogency_0	No_Rethorics	Reasonableness_counterargument_10	Reasonableness_rebuttal_0
196	T8	Cogency_25	No_Rethorics		
196	T16	Cogency_20	Pathos		
196	T2	Cogency_20	No_Rethorics		
196	T1	Cogency_20	No_Rethorics		
182	T4	Cogency_0	No_Rethorics		
182	T6	Cogency_15	No_Rethorics		
182	T2	Cogency_0	No_Rethorics		
182	T1	Cogency_15	No_Rethorics		
182	T10	Cogency_15	No_Rethorics		
182	T14	Cogency_15	No_Rethorics		
182	T20	Cogency_0	No_Rethorics		
357	T1	Cogency_0	No_Rethorics		
357	T16	Cogency_25	No_Rethorics	Reasonableness_counterargument_10	Reasonableness_rebuttal_10
357	T3	Cogency_0	No_Rethorics		
357	T4	Cogency_0	No_Rethorics		
357	T17	Cogency_0	No_Rethorics		
357	T5	Cogency_25	No_Rethorics	Reasonableness_counterargument_10	Reasonableness_rebuttal_10
357	T14	Cogency_10	No_Rethorics		
343	T4	Cogency_25	No_Rethorics		
343	T1	Cogency_0	No_Rethorics	Reasonableness_counterargument_20	Reasonableness_rebuttal_0
343	T9	Cogency_25	No_Rethorics		
343	T10	Cogency_0	No_Rethorics		
394	T1	Cogency_25	No_Rethorics		
394	T6	Cogency_20	No_Rethorics		
394	T8	Cogency_25	No_Rethorics		
380	T12	Cogency_25	No_Rethorics		
380	T1	Cogency_25	No_Rethorics	Reasonableness_counterargument_25	Reasonableness_rebuttal_0
380	T3	Cogency_0	No_Rethorics		
380	T8	Cogency_25	No_Rethorics		
380	T4	Cogency_25	No_Rethorics		
223	T1	Cogency_20	No_Rethorics	Reasonableness_counterargument_10	Reasonableness_rebuttal_15
223	T2	Cogency_0	No_Rethorics	Reasonableness_counterargument_15	Reasonableness_rebuttal_0
223	T14	Cogency_20	Ethos		
223	T6	Cogency_20	Ethos		
237	T17	Cogency_0	No_Rethorics		
237	T14	Cogency_15	No_Rethorics		
237	T1	Cogency_20	No_Rethorics	Reasonableness_counterargument_0	Reasonableness_rebuttal_0
237	T2	Cogency_0	No_Rethorics		
237	T8	Cogency_25	No_Rethorics		
237	T3	Cogency_25	No_Rethorics		
021	T8	Cogency_15	No_Rethorics		
021	T6	Cogency_20	Ethos		
021	T7	Cogency_20	Logos		
021	T3	Cogency_10	No_Rethorics		
021	T1	Cogency_25	No_Rethorics		
035	T10	Cogency_25	No_Rethorics	Reasonableness_counterargument_0	Reasonableness_rebuttal_0
035	T3	Cogency_15	Ethos		
035	T1	Cogency_15	No_Rethorics	Reasonableness_counterargument_25	Reasonableness_rebuttal_10
009	T8	Cogency_25	Ethos		
009	T2	Cogency_15	No_Rethorics		
009	T12	Cogency_25	No_Rethorics		
091	T10	Cogency_0	Ethos		
091	T10	Cogency_0	Ethos		
091	T10	Cogency_0	Ethos		
091	T3	Cogency_25	Ethos		
091	T1	Cogency_15	No_Rethorics	Reasonableness_counterargument_25	Reasonableness_rebuttal_0
085	T6	Cogency_20	Ethos		
085	T12	Cogency_25	No_Rethorics		
085	T3	Cogency_0	No_Rethorics	Reasonableness_counterargument_0	Reasonableness_rebuttal_10
085	T1	Cogency_20	No_Rethorics	Reasonableness_counterargument_0	Reasonableness_rebuttal_15
085	T16	Cogency_15	No_Rethorics		
052	T14	Cogency_0	No_Rethorics		
052	T3	Cogency_25	Pathos		
052	T1	Cogency_15	No_Rethorics	Reasonableness_counterargument_25	Reasonableness_rebuttal_0
052	T2	Cogency_20	No_Rethorics		
046	T7	Cogency_15	No_Rethorics		
046	T2	Cogency_20	No_Rethorics		
046	T3	Cogency_20	No_Rethorics		
293	T1	Cogency_25	No_Rethorics	Reasonableness_counterargument_10	Reasonableness_rebuttal_10
293	T2	Cogency_0	No_Rethorics		
293	T12	Cogency_15	No_Rethorics		
293	T3	Cogency_25	Logos		
293	T21	Cogency_0	Pathos		
293	T20	Cogency_0	No_Rethorics		
293	T16	Cogency_10	No_Rethorics	Reasonableness_counterargument_10	Reasonableness_rebuttal_0
287	T10	Cogency_25	No_Rethorics		
287	T1	Cogency_25	No_Rethorics		
287	T3	Cogency_0	No_Rethorics		
287	T9	Cogency_25	No_Rethorics		
287	T4	Cogency_0	No_Rethorics		
250	T2	Cogency_25	No_Rethorics		
250	T1	Cogency_25	No_Rethorics	Reasonableness_counterargument_0	Reasonableness_rebuttal_25
250	T8	Cogency_25	No_Rethorics		
250	T12	Cogency_0	No_Rethorics	Reasonableness_counterargument_25	Reasonableness_rebuttal_0
250	T16	Cogency_0	No_Rethorics		
244	T17	Cogency_0	No_Rethorics		
244	T2	Cogency_0	No_Rethorics		
244	T1	Cogency_15	No_Rethorics		
244	T9	Cogency_10	No_Rethorics		
244	T15	Cogency_10	No_Rethorics		
278	T15	Cogency_25	No_Rethorics		
278	T4	Cogency_25	No_Rethorics		
278	T10	Cogency_25	No_Rethorics		
278	T3	Cogency_0	No_Rethorics		
278	T1	Cogency_25	No_Rethorics		
324	T2	Cogency_20	No_Rethorics	Reasonableness_counterargument_25	Reasonableness_rebuttal_10
324	T1	Cogency_0	No_Rethorics		
324	T9	Cogency_25	No_Rethorics	Reasonableness_counterargument_10	Reasonableness_rebuttal_10
324	T3	Cogency_25	Pathos	Reasonableness_counterargument_10	Reasonableness_rebuttal_0
324	T19	Cogency_25	No_Rethorics		
330	T1	Cogency_20	No_Rethorics		
330	T5	Cogency_15	Ethos		
330	T13	Cogency_20	Ethos		
330	T7	Cogency_15	Ethos		
318	T10	Cogency_10	No_Rethorics		
318	T4	Cogency_15	No_Rethorics		
318	T1	Cogency_20	No_Rethorics		
318	T3	Cogency_0	No_Rethorics		
318	T17	Cogency_0	No_Rethorics		
318	T16	Cogency_25	No_Rethorics		
126	T9	Cogency_20	No_Rethorics		
126	T17	Cogency_25	Pathos		
126	T1	Cogency_20	No_Rethorics		
126	T2	Cogency_20	No_Rethorics		
132	T6	Cogency_25	Logos		
132	T2	Cogency_20	No_Rethorics		
132	T1	Cogency_25	No_Rethorics		
133	T3	Cogency_10	No_Rethorics		
133	T1	Cogency_20	No_Rethorics	Reasonableness_counterargument_10	Reasonableness_rebuttal_0
133	T8	Cogency_10	No_Rethorics		
133	T11	Cogency_25	Logos		
127	T18	Cogency_25	No_Rethorics	Reasonableness_counterargument_0	Reasonableness_rebuttal_10
127	T3	Cogency_0	No_Rethorics		
127	T1	Cogency_25	No_Rethorics	Reasonableness_counterargument_0	Reasonableness_rebuttal_0
127	T5	Cogency_20	No_Rethorics		
127	T15	Cogency_25	Pathos		
319	T2	Cogency_25	No_Rethorics	Reasonableness_counterargument_0	Reasonableness_rebuttal_10
319	T3	Cogency_0	No_Rethorics		
319	T14	Cogency_15	No_Rethorics		
319	T5	Cogency_25	Pathos		
319	T18	Cogency_0	No_Rethorics	Reasonableness_counterargument_25	Reasonableness_rebuttal_0
319	T16	Cogency_0	Logos	Reasonableness_counterargument_10	
331	T18	Cogency_0	No_Rethorics		
331	T15	Cogency_25	No_Rethorics		
331	T12	Cogency_25	Ethos		
331	T1	Cogency_20	No_Rethorics		
331	T7	Cogency_25	No_Rethorics		
325	T5	Cogency_0	No_Rethorics		
325	T3	Cogency_0	No_Rethorics		
325	T1	Cogency_25	No_Rethorics	Reasonableness_counterargument_25	Reasonableness_rebuttal_10
325	T2	Cogency_0	No_Rethorics		
325	T13	Cogency_25	No_Rethorics		
325	T9	Cogency_10	No_Rethorics	Reasonableness_counterargument_10	Reasonableness_rebuttal_0
325	T19	Cogency_20	No_Rethorics		
279	T16	Cogency_25	No_Rethorics		
279	T8	Cogency_25	No_Rethorics		
279	T12	Cogency_25	No_Rethorics		
279	T1	Cogency_0	No_Rethorics		
279	T2	Cogency_25	No_Rethorics		
279	T4	Cogency_0	No_Rethorics		
279	T5	Cogency_0	No_Rethorics		
245	T14	Cogency_10	No_Rethorics		
245	T10	Cogency_20	Ethos		
245	T13	Cogency_15	No_Rethorics		
245	T4	Cogency_20	No_Rethorics		
245	T1	Cogency_25	No_Rethorics		
251	T11	Cogency_25	Ethos	Reasonableness_counterargument_10	Reasonableness_rebuttal_25
251	T17	Cogency_25	No_Rethorics		
251	T5	Cogency_20	No_Rethorics		
251	T1	Cogency_25	No_Rethorics		
286	T23	Cogency_10	No_Rethorics		
286	T17	Cogency_15	No_Rethorics		
286	T15	Cogency_25	No_Rethorics		
286	T7	Cogency_10	No_Rethorics		
286	T1	Cogency_25	No_Rethorics		
286	T3	Cogency_25	No_Rethorics		
292	T7	Cogency_0	No_Rethorics		
292	T6	Cogency_15	Logos		
292	T2	Cogency_0	No_Rethorics	Reasonableness_counterargument_0	Reasonableness_rebuttal_25
292	T3	Cogency_0	No_Rethorics		
292	T14	Cogency_0	No_Rethorics	Reasonableness_counterargument_25	Reasonableness_rebuttal_0
047	T2	Cogency_20	No_Rethorics	Reasonableness_counterargument_15	Reasonableness_rebuttal_15
047	T3	Cogency_15	Pathos		
047	T10	Cogency_15	Pathos	Reasonableness_counterargument_0	Reasonableness_rebuttal_0
047	T6	Cogency_20	Pathos		
047	T14	Cogency_0	No_Rethorics		
053	T10	Cogency_0	No_Rethorics		
053	T1	Cogency_20	No_Rethorics		
053	T2	Cogency_0	No_Rethorics		
053	T7	Cogency_25	Pathos		
053	T3	Cogency_20	No_Rethorics		
084	T4	Cogency_20	No_Rethorics		
084	T1	Cogency_15	No_Rethorics	Reasonableness_counterargument_20	Reasonableness_rebuttal_0
084	T9	Cogency_20	No_Rethorics		
084	T12	Cogency_10	Ethos		
084	T16	Cogency_0	No_Rethorics		
090	T11	Cogency_15	Ethos		
090	T1	Cogency_0	No_Rethorics		
090	T2	Cogency_10	No_Rethorics	Reasonableness_counterargument_0	Reasonableness_rebuttal_0
090	T3	Cogency_0	No_Rethorics		
090	T5	Cogency_10	Pathos		
086	T5	Cogency_0	No_Rethorics		
086	T4	Cogency_25	Logos		
086	T1	Cogency_20	No_Rethorics	Reasonableness_counterargument_0	Reasonableness_rebuttal_0
086	T3	Cogency_15	Ethos		
086	T7	Cogency_0	No_Rethorics		
086	T6	Cogency_10	No_Rethorics		
092	T12	Cogency_20	No_Rethorics		
092	T9	Cogency_10	No_Rethorics		
092	T4	Cogency_25	Logos		
092	T1	Cogency_20	No_Rethorics	Reasonableness_counterargument_15	Reasonableness_rebuttal_0
092	T3	Cogency_0	No_Rethorics		
045	T4	Cogency_25	No_Rethorics		
045	T9	Cogency_10	No_Rethorics		
045	T2	Cogency_0	No_Rethorics		
045	T1	Cogency_25	No_Rethorics	Reasonableness_counterargument_0	Reasonableness_rebuttal_0
045	T12	Cogency_25	No_Rethorics		
051	T14	Cogency_25	No_Rethorics		
051	T18	Cogency_20	No_Rethorics		
051	T5	Cogency_15	No_Rethorics		
051	T8	Cogency_15	Ethos	Reasonableness_counterargument_0	Reasonableness_rebuttal_0
051	T3	Cogency_0	No_Rethorics		
051	T1	Cogency_25	No_Rethorics	Reasonableness_counterargument_15	Reasonableness_rebuttal_0
079	T5	Cogency_20	No_Rethorics		
079	T1	Cogency_25	No_Rethorics		
079	T8	Cogency_20	No_Rethorics		
079	T13	Cogency_20	No_Rethorics		
284	T4	Cogency_20	No_Rethorics		
284	T1	Cogency_25	No_Rethorics		
284	T10	Cogency_25	No_Rethorics		
284	T22	Cogency_10	No_Rethorics	Reasonableness_counterargument_10	Reasonableness_rebuttal_10
290	T3	Cogency_0	No_Rethorics		
290	T1	Cogency_25	No_Rethorics		
290	T5	Cogency_20	No_Rethorics		
290	T8	Cogency_25	No_Rethorics		
290	T12	Cogency_10	No_Rethorics		
247	T22	Cogency_25	No_Rethorics		
247	T1	Cogency_25	No_Rethorics	Reasonableness_counterargument_0	Reasonableness_rebuttal_0
247	T2	Cogency_0	No_Rethorics	Reasonableness_counterargument_0	Reasonableness_rebuttal_0
247	T17	Cogency_25	Pathos		
247	T6	Cogency_25	No_Rethorics		
253	T1	Cogency_25	No_Rethorics		
253	T3	Cogency_0	No_Rethorics		
253	T9	Cogency_25	No_Rethorics		
253	T4	Cogency_25	Pathos		
333	T3	Cogency_20	No_Rethorics		
333	T1	Cogency_25	No_Rethorics	Reasonableness_counterargument_0	Reasonableness_rebuttal_0
333	T10	Cogency_25	Logos		
333	T15	Cogency_10	No_Rethorics		
327	T2	Cogency_0	No_Rethorics		
327	T1	Cogency_20	No_Rethorics		
327	T4	Cogency_0	No_Rethorics		
327	T9	Cogency_25	No_Rethorics		
327	T13	Cogency_25	No_Rethorics		
131	T8	Cogency_10	No_Rethorics		
131	T5	Cogency_25	No_Rethorics		
131	T1	Cogency_20	No_Rethorics	Reasonableness_counterargument_15	Reasonableness_rebuttal_10
131	T3	Cogency_0	No_Rethorics		
131	T10	Cogency_10	No_Rethorics	Reasonableness_counterargument_10	Reasonableness_rebuttal_0
125	T8	Cogency_15	No_Rethorics		
125	T10	Cogency_20	Pathos		
125	T1	Cogency_25	No_Rethorics		
125	T6	Cogency_25	No_Rethorics		
119	T8	Cogency_15	No_Rethorics	Reasonableness_counterargument_10	Reasonableness_rebuttal_0
119	T1	Cogency_25	No_Rethorics	Reasonableness_counterargument_25	Reasonableness_rebuttal_0
119	T2	Cogency_0	No_Rethorics		
119	T6	Cogency_10	No_Rethorics		
119	T3	Cogency_10	No_Rethorics		
118	T14	Cogency_25	No_Rethorics	Reasonableness_counterargument_10	Reasonableness_rebuttal_0
118	T1	Cogency_10	No_Rethorics	Reasonableness_counterargument_10	Reasonableness_rebuttal_0
118	T8	Cogency_20	Pathos		
124	T11	Cogency_0	No_Rethorics		
124	T1	Cogency_25	No_Rethorics		
124	T3	Cogency_0	No_Rethorics		
124	T8	Cogency_25	Ethos		
124	T6	Cogency_10	No_Rethorics		
130	T1	Cogency_10	No_Rethorics	Reasonableness_counterargument_10	Reasonableness_rebuttal_25
130	T4	Cogency_25	Logos		
130	T10	Cogency_10	Logos	Reasonableness_counterargument_25	Reasonableness_rebuttal_0
326	T4	Cogency_10	No_Rethorics		
326	T12	Cogency_25	No_Rethorics		
326	T2	Cogency_0	No_Rethorics		
326	T1	Cogency_25	No_Rethorics	Reasonableness_counterargument_25	Reasonableness_rebuttal_0
326	T17	Cogency_25	No_Rethorics		
326	T20	Cogency_25	No_Rethorics		
332	T14	Cogency_10	No_Rethorics		
332	T9	Cogency_25	No_Rethorics		
332	T10	Cogency_0	No_Rethorics	Reasonableness_counterargument_20	Reasonableness_rebuttal_0
332	T2	Cogency_25	No_Rethorics		
332	T1	Cogency_25	No_Rethorics	Reasonableness_counterargument_0	Reasonableness_rebuttal_25
252	T7	Cogency_25	No_Rethorics		
252	T4	Cogency_0	No_Rethorics		
252	T1	Cogency_25	No_Rethorics	Reasonableness_counterargument_10	Reasonableness_rebuttal_25
252	T2	Cogency_0	No_Rethorics		
252	T17	Cogency_10	No_Rethorics	Reasonableness_counterargument_25	Reasonableness_rebuttal_0
252	T12	Cogency_25	No_Rethorics		
252	T23	Cogency_0	No_Rethorics		
246	T9	Cogency_10	Pathos		
246	T6	Cogency_10	No_Rethorics		
246	T1	Cogency_25	No_Rethorics		
246	T3	Cogency_15	Logos		
291	T8	Cogency_25	No_Rethorics		
291	T9	Cogency_25	No_Rethorics	Reasonableness_counterargument_0	Reasonableness_rebuttal_10
291	T2	Cogency_0	No_Rethorics		
291	T1	Cogency_25	No_Rethorics	Reasonableness_counterargument_25	Reasonableness_rebuttal_0
285	T18	Cogency_25	No_Rethorics		
285	T20	Cogency_25	No_Rethorics		
285	T9	Cogency_25	No_Rethorics		
285	T10	Cogency_25	No_Rethorics		
285	T2	Cogency_25	No_Rethorics		
285	T1	Cogency_25	No_Rethorics		
078	T9	Cogency_20	No_Rethorics		
078	T14	Cogency_15	No_Rethorics		
078	T5	Cogency_25	Pathos		
078	T1	Cogency_15	No_Rethorics	Reasonableness_counterargument_20	Reasonableness_rebuttal_0
050	T2	Cogency_0	No_Rethorics		
050	T1	Cogency_20	No_Rethorics	Reasonableness_counterargument_0	Reasonableness_rebuttal_0
050	T3	Cogency_25	No_Rethorics		
050	T12	Cogency_20	No_Rethorics		
044	T2	Cogency_0	No_Rethorics		
044	T1	Cogency_25	No_Rethorics		
044	T3	Cogency_20	Ethos		
044	T9	Cogency_15	No_Rethorics		
093	T1	Cogency_20	No_Rethorics		
093	T3	Cogency_0	Pathos		
093	T6	Cogency_20	No_Rethorics		
093	T4	Cogency_15	Pathos		
087	T1	Cogency_20	No_Rethorics	Reasonableness_counterargument_0	Reasonableness_rebuttal_0
087	T2	Cogency_0	No_Rethorics		
087	T5	Cogency_10	Pathos		
087	T4	Cogency_0	No_Rethorics		
087	T10	Cogency_10	No_Rethorics		
087	T8	Cogency_10	Ethos		
083	T6	Cogency_15	Ethos		
083	T9	Cogency_15	Pathos		
083	T3	Cogency_15	No_Rethorics		
083	T1	Cogency_25	No_Rethorics		
097	T4	Cogency_20	No_Rethorics		
097	T5	Cogency_20	Logos		
097	T3	Cogency_0	No_Rethorics		
097	T1	Cogency_20	No_Rethorics		
068	T1	Cogency_20	No_Rethorics		
068	T3	Cogency_0	No_Rethorics		
068	T5	Cogency_15	Pathos	Reasonableness_counterargument_15	Reasonableness_rebuttal_0
068	T4	Cogency_0	No_Rethorics		
040	T14	Cogency_0	No_Rethorics		
040	T11	Cogency_15	No_Rethorics		
040	T8	Cogency_20	No_Rethorics		
040	T4	Cogency_25	No_Rethorics		
040	T1	Cogency_25	No_Rethorics		
040	T2	Cogency_0	No_Rethorics		
054	T8	Cogency_15	No_Rethorics		
054	T5	Cogency_10	No_Rethorics		
054	T1	Cogency_15	No_Rethorics	Reasonableness_counterargument_15	Reasonableness_rebuttal_10
054	T3	Cogency_0	No_Rethorics		
054	T9	Cogency_10	No_Rethorics		
281	T1	Cogency_cannotJudge	No_Rethorics		
281	T1	Cogency_cannotJudge	No_Rethorics		
281	T1	Cogency_cannotJudge	No_Rethorics		
281	T1	Cogency_cannotJudge	No_Rethorics		
281	T1	Cogency_cannotJudge	No_Rethorics		
295	T1	Cogency_25	No_Rethorics		
295	T2	Cogency_15	No_Rethorics		
295	T15	Cogency_25	No_Rethorics		
295	T10	Cogency_20	Ethos		
242	T2	Cogency_25	No_Rethorics		
242	T1	Cogency_15	No_Rethorics	Reasonableness_counterargument_25	Reasonableness_rebuttal_0
242	T5	Cogency_0	No_Rethorics		
242	T6	Cogency_25	No_Rethorics		
242	T13	Cogency_15	Logos	Reasonableness_counterargument_0	Reasonableness_rebuttal_10
242	T24	Cogency_0	No_Rethorics		
256	T15	Cogency_0	No_Rethorics	Reasonableness_counterargument_15	Reasonableness_rebuttal_0
256	T2	Cogency_25	No_Rethorics		
256	T1	Cogency_25	No_Rethorics	Reasonableness_counterargument_0	Reasonableness_rebuttal_15
256	T6	Cogency_0	No_Rethorics		
256	T7	Cogency_25	No_Rethorics		
336	T1	Cogency_25	No_Rethorics	Reasonableness_counterargument_25	Reasonableness_rebuttal_0
336	T2	Cogency_25	No_Rethorics		
336	T5	Cogency_15	No_Rethorics		
322	T15	Cogency_25	No_Rethorics		
322	T7	Cogency_25	No_Rethorics		
322	T5	Cogency_0	No_Rethorics		
322	T6	Cogency_25	No_Rethorics		
322	T1	Cogency_0	No_Rethorics		
322	T4	Cogency_0	No_Rethorics		
322	T2	Cogency_0	No_Rethorics		
108	T6	Cogency_25	No_Rethorics		
108	T1	Cogency_10	No_Rethorics	Reasonableness_counterargument_10	Reasonableness_rebuttal_0
108	T7	Cogency_0	No_Rethorics		
108	T10	Cogency_25	No_Rethorics		
134	T3	Cogency_25	No_Rethorics		
134	T9	Cogency_25	No_Rethorics		
134	T2	Cogency_0	No_Rethorics		
134	T1	Cogency_10	No_Rethorics	Reasonableness_counterargument_25	Reasonableness_rebuttal_0
120	T4	Cogency_25	No_Rethorics	Reasonableness_counterargument_0	Reasonableness_rebuttal_10
120	T9	Cogency_10	No_Rethorics		
120	T3	Cogency_0	No_Rethorics		
120	T1	Cogency_25	No_Rethorics	Reasonableness_counterargument_10	Reasonableness_rebuttal_0
120	T11	Cogency_10	No_Rethorics		
120	T14	Cogency_0	No_Rethorics		
121	T2	Cogency_0	No_Rethorics		
121	T1	Cogency_20	No_Rethorics		
121	T3	Cogency_10	No_Rethorics		
121	T6	Cogency_25	Pathos		
121	T9	Cogency_0	No_Rethorics		
135	T3	Cogency_25	No_Rethorics		
135	T1	Cogency_25	No_Rethorics		
135	T12	Cogency_25	No_Rethorics		
109	T6	Cogency_0	No_Rethorics		
109	T9	Cogency_10	Logos	Reasonableness_counterargument_0	
109	T3	Cogency_10	No_Rethorics		
109	T2	Cogency_20	No_Rethorics	Reasonableness_counterargument_10	Reasonableness_rebuttal_0
323	T11	Cogency_25	No_Rethorics		
323	T5	Cogency_25	No_Rethorics		
323	T1	Cogency_25	No_Rethorics		
323	T4	Cogency_25	No_Rethorics		
337	T11	Cogency_25	No_Rethorics		
337	T9	Cogency_0	No_Rethorics		
337	T1	Cogency_15	No_Rethorics	Reasonableness_counterargument_25	Reasonableness_rebuttal_0
337	T2	Cogency_25	No_Rethorics		
337	T13	Cogency_0	No_Rethorics		
257	T20	Cogency_25	No_Rethorics		
257	T6	Cogency_15	Pathos	Reasonableness_counterargument_25	Reasonableness_rebuttal_0
257	T18	Cogency_25	No_Rethorics		
257	T2	Cogency_0	No_Rethorics	Reasonableness_counterargument_10	Reasonableness_rebuttal_0
257	T1	Cogency_20	No_Rethorics	Reasonableness_counterargument_0	Reasonableness_rebuttal_10
243	T9	Cogency_25	No_Rethorics		
243	T15	Cogency_25	No_Rethorics		
243	T2	Cogency_25	No_Rethorics		
243	T1	Cogency_25	No_Rethorics		
243	T23	Cogency_0	No_Rethorics		
294	T18	Cogency_25	No_Rethorics		
294	T17	Cogency_25	Pathos		
294	T11	Cogency_25	Pathos		
294	T1	Cogency_25	No_Rethorics		
294	T3	Cogency_0	No_Rethorics		
280	T8	Cogency_15	No_Rethorics		
280	T4	Cogency_0	No_Rethorics		
280	T1	Cogency_20	No_Rethorics		
280	T2	Cogency_0	No_Rethorics		
280	T15	Cogency_25	No_Rethorics		
280	T10	Cogency_0	No_Rethorics		
055	T1	Cogency_15	No_Rethorics	Reasonableness_counterargument_10	Reasonableness_rebuttal_20
055	T2	Cogency_0	No_Rethorics		
055	T9	Cogency_10	No_Rethorics	Reasonableness_counterargument_15	Reasonableness_rebuttal_0
055	T3	Cogency_25	No_Rethorics	Reasonableness_counterargument_15	Reasonableness_rebuttal_0
041	T9	Cogency_20	No_Rethorics		
041	T2	Cogency_20	No_Rethorics		
041	T1	Cogency_20	No_Rethorics		
069	T10	Cogency_10	No_Rethorics		
069	T7	Cogency_20	No_Rethorics		
069	T1	Cogency_20	No_Rethorics	Reasonableness_counterargument_10	Reasonableness_rebuttal_0
069	T3	Cogency_25	No_Rethorics		
096	T3	Cogency_0	No_Rethorics		
096	T1	Cogency_20	No_Rethorics	Reasonableness_counterargument_10	Reasonableness_rebuttal_10
096	T4	Cogency_15	No_Rethorics		
096	T11	Cogency_20	No_Rethorics		
096	T14	Cogency_10	No_Rethorics		
082	T8	Cogency_0	No_Rethorics		
082	T10	Cogency_10	No_Rethorics		
082	T1	Cogency_0	No_Rethorics		
082	T2	Cogency_20	No_Rethorics	Reasonableness_counterargument_15	Reasonableness_rebuttal_0
082	T3	Cogency_10	No_Rethorics		
082	T5	Cogency_15	Ethos		
094	T15	Cogency_25	Logos		
094	T4	Cogency_20	No_Rethorics		
094	T1	Cogency_25	No_Rethorics	Reasonableness_counterargument_0	Reasonableness_rebuttal_0
094	T3	Cogency_0	No_Rethorics		
080	T9	Cogency_20	Pathos		
080	T3	Cogency_25	Pathos		
080	T1	Cogency_15	No_Rethorics	Reasonableness_counterargument_25	Reasonableness_rebuttal_0
080	T2	Cogency_0	No_Rethorics		
057	T4	Cogency_20	Logos		
057	T7	Cogency_25	Logos		
057	T2	Cogency_0	No_Rethorics		
057	T1	Cogency_25	No_Rethorics		
057	T12	Cogency_15	Logos		
057	T15	Cogency_0	No_Rethorics		
057	T17	Cogency_15	No_Rethorics		
057	T16	Cogency_0	No_Rethorics		
043	T7	Cogency_20	Ethos		
043	T12	Cogency_0	No_Rethorics		
043	T3	Cogency_20	Ethos		
043	T1	Cogency_20	No_Rethorics		
296	T1	Cogency_0	No_Rethorics		
296	T3	Cogency_10	No_Rethorics	Reasonableness_counterargument_10	Reasonableness_rebuttal_0
296	T11	Cogency_0	Ethos	Reasonableness_counterargument_20	Reasonableness_rebuttal_0
296	T20	Cogency_25	Ethos		
282	T5	Cogency_15	Pathos		
282	T1	Cogency_20	No_Rethorics		
282	T6	Cogency_25	Pathos		
282	T14	Cogency_15	No_Rethorics		
282	T16	Cogency_0	No_Rethorics		
282	T17	Cogency_0	No_Rethorics		
269	T10	Cogency_20	No_Rethorics		
269	T8	Cogency_10	No_Rethorics		
269	T7	Cogency_15	No_Rethorics		
269	T1	Cogency_20	No_Rethorics	Reasonableness_counterargument_15	Reasonableness_rebuttal_0
269	T2	Cogency_15	Pathos		
255	T1	Cogency_15	No_Rethorics	Reasonableness_counterargument_25	Reasonableness_rebuttal_0
255	T4	Cogency_25	No_Rethorics		
255	T10	Cogency_25	No_Rethorics		
255	T7	Cogency_25	No_Rethorics		
241	T1	Cogency_25	No_Rethorics	Reasonableness_counterargument_10	Reasonableness_rebuttal_0
241	T2	Cogency_10	No_Rethorics		
241	T8	Cogency_10	No_Rethorics		
241	T4	Cogency_10	No_Rethorics	Reasonableness_counterargument_0	Reasonableness_rebuttal_10
241	T13	Cogency_10	No_Rethorics		
241	T12	Cogency_25	No_Rethorics		
309	T10	Cogency_25	No_Rethorics		
309	T16	Cogency_25	No_Rethorics		
309	T4	Cogency_0	No_Rethorics		
309	T1	Cogency_25	No_Rethorics		
321	T7	Cogency_20	No_Rethorics		
321	T1	Cogency_25	No_Rethorics	Reasonableness_counterargument_0	Reasonableness_rebuttal_0
321	T8	Cogency_15	Pathos		
321	T14	Cogency_0	No_Rethorics		
335	T2	Cogency_10	No_Rethorics		
335	T1	Cogency_15	No_Rethorics	Reasonableness_counterargument_15	Reasonableness_rebuttal_0
335	T5	Cogency_20	No_Rethorics		
335	T7	Cogency_0	No_Rethorics		
335	T8	Cogency_0	No_Rethorics		
123	T7	Cogency_15	No_Rethorics		
123	T1	Cogency_0	No_Rethorics		
123	T2	Cogency_25	No_Rethorics		
137	T8	Cogency_20	Pathos		
137	T5	Cogency_20	Pathos		
137	T1	Cogency_10	No_Rethorics	Reasonableness_counterargument_10	Reasonableness_rebuttal_0
137	T3	Cogency_0	No_Rethorics		
136	T2	Cogency_25	No_Rethorics	Reasonableness_counterargument_0	Reasonableness_rebuttal_0
136	T1	Cogency_0	No_Rethorics		
136	T9	Cogency_25	No_Rethorics		
136	T3	Cogency_25	Logos		
122	T2	Cogency_25	No_Rethorics	Reasonableness_counterargument_cannotJudge	Reasonableness_rebuttal_cannotJudge
122	T3	Cogency_0	No_Rethorics		
122	T7	Cogency_0	No_Rethorics		
122	T4	Cogency_cannotJudge	No_Rethorics		
122	T13	Cogency_25	No_Rethorics	Reasonableness_counterargument_10	Reasonableness_rebuttal_0
122	T8	Cogency_15	No_Rethorics		
334	T3	Cogency_0	No_Rethorics		
334	T10	Cogency_25	No_Rethorics		
334	T1	Cogency_0	No_Rethorics		
334	T4	Cogency_10	No_Rethorics	Reasonableness_counterargument_25	Reasonableness_rebuttal_0
334	T18	Cogency_25	No_Rethorics		
320	T9	Cogency_25	No_Rethorics		
320	T2	Cogency_10	No_Rethorics		
320	T1	Cogency_15	No_Rethorics		
308	T2	Cogency_0	No_Rethorics		
308	T1	Cogency_20	No_Rethorics	Reasonableness_counterargument_0	Reasonableness_rebuttal_0
308	T6	Cogency_15	No_Rethorics		
308	T13	Cogency_10	Pathos		
308	T17	Cogency_25	No_Rethorics		
308	T19	Cogency_0	No_Rethorics	Reasonableness_counterargument_0	Reasonableness_rebuttal_0
240	T9	Cogency_25	No_Rethorics		
240	T1	Cogency_25	No_Rethorics		
240	T2	Cogency_15	No_Rethorics		
254	T16	Cogency_10	No_Rethorics	Reasonableness_counterargument_25	Reasonableness_rebuttal_0
254	T13	Cogency_25	Logos		
254	T1	Cogency_25	No_Rethorics	Reasonableness_counterargument_10	Reasonableness_rebuttal_25
254	T6	Cogency_20	No_Rethorics		
268	T16	Cogency_20	No_Rethorics		
268	T3	Cogency_25	No_Rethorics	Reasonableness_counterargument_10	Reasonableness_rebuttal_0
268	T2	Cogency_0	No_Rethorics		
268	T9	Cogency_25	No_Rethorics		
268	T4	Cogency_15	Pathos		
283	T4	Cogency_0	No_Rethorics		
283	T5	Cogency_0	No_Rethorics		
283	T3	Cogency_0	No_Rethorics		
283	T1	Cogency_25	No_Rethorics		
283	T8	Cogency_25	No_Rethorics		
283	T11	Cogency_15	No_Rethorics		
283	T18	Cogency_25	No_Rethorics		
297	T16	Cogency_0	No_Rethorics	Reasonableness_counterargument_10	Reasonableness_rebuttal_0
297	T8	Cogency_20	No_Rethorics		
297	T12	Cogency_20	Ethos		
297	T7	Cogency_25	Ethos		
297	T1	Cogency_25	No_Rethorics	Reasonableness_counterargument_10	Reasonableness_rebuttal_0
042	T3	Cogency_0	No_Rethorics		
042	T1	Cogency_15	No_Rethorics	Reasonableness_counterargument_20	Reasonableness_rebuttal_0
042	T4	Cogency_20	Ethos		
042	T5	Cogency_20	Ethos		Reasonableness_rebuttal_15
056	T3	Cogency_25	Ethos		
056	T1	Cogency_15	No_Rethorics	Reasonableness_counterargument_15	Reasonableness_rebuttal_10
056	T13	Cogency_15	No_Rethorics	Reasonableness_counterargument_0	Reasonableness_rebuttal_0
081	T17	Cogency_15	No_Rethorics		
081	T1	Cogency_25	No_Rethorics	Reasonableness_counterargument_15	Reasonableness_rebuttal_0
081	T3	Cogency_15	No_Rethorics	Reasonableness_counterargument_0	Reasonableness_rebuttal_0
081	T13	Cogency_25	Logos		
081	T8	Cogency_25	Logos		
095	T1	Cogency_25	No_Rethorics		
095	T3	Cogency_20	No_Rethorics		
095	T12	Cogency_20	No_Rethorics		
095	T9	Cogency_25	No_Rethorics		
098	T3	Cogency_15	Pathos		
098	T1	Cogency_15	No_Rethorics	Reasonableness_counterargument_0	Reasonableness_rebuttal_10
098	T6	Cogency_15	Pathos		
098	T10	Cogency_0	Pathos	Reasonableness_counterargument_0	
073	T9	Cogency_20	No_Rethorics		
073	T4	Cogency_20	Logos		
073	T1	Cogency_20	No_Rethorics		
073	T3	Cogency_20	No_Rethorics		
067	T9	Cogency_15	Pathos		
067	T4	Cogency_20	No_Rethorics		Reasonableness_rebuttal_0
067	T1	Cogency_10	No_Rethorics	Reasonableness_counterargument_0	Reasonableness_rebuttal_25
067	T3	Cogency_0	No_Rethorics		
271	T13	Cogency_0	No_Rethorics		
271	T14	Cogency_0	No_Rethorics		
271	T2	Cogency_25	No_Rethorics		
271	T1	Cogency_25	No_Rethorics		
271	T5	Cogency_25	No_Rethorics		
271	T11	Cogency_15	No_Rethorics		
265	T2	Cogency_0	No_Rethorics		
265	T1	Cogency_25	No_Rethorics		
265	T4	Cogency_25	No_Rethorics		
265	T9	Cogency_25	No_Rethorics		
259	T9	Cogency_25	No_Rethorics		
259	T3	Cogency_0	No_Rethorics		
259	T8	Cogency_25	No_Rethorics		
259	T1	Cogency_25	No_Rethorics		
305	T13	Cogency_0	No_Rethorics		
305	T16	Cogency_25	No_Rethorics		
305	T11	Cogency_25	No_Rethorics		
305	T9	Cogency_10	No_Rethorics		
305	T2	Cogency_15	No_Rethorics	Reasonableness_counterargument_10	Reasonableness_rebuttal_10
305	T1	Cogency_0	No_Rethorics		
305	T7	Cogency_10	No_Rethorics		
305	T5	Cogency_10	No_Rethorics		
305	T23	Cogency_0	No_Rethorics		
305	T22	Cogency_0	No_Rethorics		
305	T20	Cogency_0	No_Rethorics	Reasonableness_counterargument_10	Reasonableness_rebuttal_0
311	T1	Cogency_25	No_Rethorics	Reasonableness_counterargument_0	Reasonableness_rebuttal_0
311	T3	Cogency_0	No_Rethorics		
311	T13	Cogency_0	No_Rethorics	Reasonableness_counterargument_10	Reasonableness_rebuttal_10
311	T6	Cogency_25	No_Rethorics		
311	T15	Cogency_25	No_Rethorics		
339	T9	Cogency_0	No_Rethorics	Reasonableness_counterargument_0	Reasonableness_rebuttal_25
339	T6	Cogency_10	No_Rethorics	Reasonableness_counterargument_10	Reasonableness_rebuttal_0
339	T1	Cogency_25	No_Rethorics	Reasonableness_counterargument_10	Reasonableness_rebuttal_10
339	T3	Cogency_10	No_Rethorics	Reasonableness_counterargument_10	Reasonableness_rebuttal_0
107	T7	Cogency_25	Logos		
107	T10	Cogency_25	Logos		
107	T2	Cogency_25	Logos		
107	T1	Cogency_25	No_Rethorics		
113	T9	Cogency_10	No_Rethorics		
113	T12	Cogency_25	No_Rethorics		
113	T4	Cogency_25	Logos		
113	T8	Cogency_10	No_Rethorics		
113	T2	Cogency_0	No_Rethorics		
113	T3	Cogency_20	No_Rethorics		
112	T10	Cogency_25	No_Rethorics		
112	T2	Cogency_0	No_Rethorics		
112	T1	Cogency_10	No_Rethorics	Reasonableness_counterargument_25	Reasonableness_rebuttal_0
112	T3	Cogency_25	No_Rethorics		
112	T6	Cogency_15	No_Rethorics		
106	T3	Cogency_25	Logos		
106	T2	Cogency_20	No_Rethorics		
106	T7	Cogency_25	Logos		
338	T10	Cogency_10	No_Rethorics		
338	T2	Cogency_cannotJudge	No_Rethorics		
338	T3	Cogency_0	No_Rethorics		
338	T7	Cogency_25	No_Rethorics	Reasonableness_counterargument_0	Reasonableness_rebuttal_0
338	T4	Cogency_0	No_Rethorics		
310	T10	Cogency_15	No_Rethorics		
310	T4	Cogency_0	No_Rethorics		
310	T2	Cogency_20	No_Rethorics		
310	T1	Cogency_0	No_Rethorics		
310	T22	Cogency_25	No_Rethorics		
310	T15	Cogency_25	No_Rethorics		
304	T14	Cogency_25	Logos		
304	T1	Cogency_25	No_Rethorics		
304	T8	Cogency_25	No_Rethorics		
258	T2	Cogency_0	No_Rethorics		
258	T1	Cogency_25	No_Rethorics		
258	T3	Cogency_0	No_Rethorics		
258	T4	Cogency_0	No_Rethorics		
258	T17	Cogency_25	No_Rethorics		
258	T15	Cogency_25	No_Rethorics		
258	T6	Cogency_0	No_Rethorics		
258	T7	Cogency_25	No_Rethorics		
264	T2	Cogency_0	No_Rethorics		
264	T7	Cogency_20	No_Rethorics		
264	T1	Cogency_0	No_Rethorics		
264	T1	Cogency_0	No_Rethorics		
264	T12	Cogency_15	No_Rethorics		
270	T13	Cogency_10	No_Rethorics	Reasonableness_counterargument_15	Reasonableness_rebuttal_0
270	T22	Cogency_0	No_Rethorics		
270	T3	Cogency_20	Ethos		
270	T7	Cogency_25	No_Rethorics		
270	T1	Cogency_0	No_Rethorics		
270	T2	Cogency_20	No_Rethorics	Reasonableness_counterargument_10	Reasonableness_rebuttal_10
066	T1	Cogency_20	No_Rethorics	Reasonableness_counterargument_10	Reasonableness_rebuttal_0
066	T3	Cogency_20	No_Rethorics		
066	T9	Cogency_10	No_Rethorics		
066	T7	Cogency_15	Ethos		
072	T1	Cogency_20	No_Rethorics	Reasonableness_counterargument_0	Reasonableness_rebuttal_0
072	T2	Cogency_0	No_Rethorics		
072	T10	Cogency_0	No_Rethorics		
072	T4	Cogency_20	No_Rethorics		
072	T13	Cogency_20	Ethos		
099	T4	Cogency_25	No_Rethorics		
099	T14	Cogency_25	Logos		
099	T2	Cogency_10	No_Rethorics		
099	T1	Cogency_25	No_Rethorics	Reasonableness_counterargument_20	Reasonableness_rebuttal_0
064	T11	Cogency_20	No_Rethorics		
064	T4	Cogency_20	No_Rethorics		
064	T7	Cogency_20	No_Rethorics		
064	T3	Cogency_0	No_Rethorics		
064	T1	Cogency_20	No_Rethorics	Reasonableness_counterargument_20	Reasonableness_rebuttal_0
070	T9	Cogency_25	No_Rethorics		
070	T5	Cogency_20	No_Rethorics	Reasonableness_counterargument_0	Reasonableness_rebuttal_20
070	T1	Cogency_20	No_Rethorics		
058	T18	Cogency_20	No_Rethorics		
058	T2	Cogency_25	No_Rethorics		
058	T1	Cogency_25	No_Rethorics	Reasonableness_counterargument_25	Reasonableness_rebuttal_0
058	T9	Cogency_20	No_Rethorics	Reasonableness_counterargument_0	Reasonableness_rebuttal_0
058	T13	Cogency_20	Logos		
299	T5	Cogency_10	No_Rethorics	Reasonableness_counterargument_0	Reasonableness_rebuttal_0
299	T7	Cogency_10	No_Rethorics		
299	T3	Cogency_0	No_Rethorics		
299	T1	Cogency_15	No_Rethorics		
299	T9	Cogency_25	No_Rethorics		
299	T14	Cogency_10	No_Rethorics		
266	T1	Cogency_25	No_Rethorics		
266	T3	Cogency_0	No_Rethorics		
266	T12	Cogency_25	No_Rethorics		
266	T11	Cogency_25	No_Rethorics		
266	T4	Cogency_0	No_Rethorics		
272	T14	Cogency_25	No_Rethorics		
272	T1	Cogency_25	No_Rethorics		
272	T2	Cogency_0	No_Rethorics		
272	T9	Cogency_10	No_Rethorics		
272	T8	Cogency_25	No_Rethorics		
312	T2	Cogency_0	No_Rethorics	Reasonableness_counterargument_10	Reasonableness_rebuttal_0
312	T1	Cogency_20	No_Rethorics	Reasonableness_counterargument_10	Reasonableness_rebuttal_0
312	T15	Cogency_20	Ethos		
312	T16	Cogency_20	Ethos		
312	T25	Cogency_0	No_Rethorics		
306	T14	Cogency_25	No_Rethorics		
306	T15	Cogency_0	No_Rethorics		
306	T2	Cogency_0	No_Rethorics		
306	T1	Cogency_25	No_Rethorics	Reasonableness_counterargument_25	Reasonableness_rebuttal_0
306	T5	Cogency_25	No_Rethorics		
306	T9	Cogency_25	No_Rethorics		
110	T7	Cogency_25	No_Rethorics		
110	T3	Cogency_25	No_Rethorics		
110	T1	Cogency_15	No_Rethorics	Reasonableness_counterargument_25	Reasonableness_rebuttal_0
110	T2	Cogency_0	Ethos		
104	T13	Cogency_0	No_Rethorics	Reasonableness_counterargument_10	Reasonableness_rebuttal_0
104	T10	Cogency_0	No_Rethorics		
104	T1	Cogency_20	No_Rethorics	Reasonableness_counterargument_0	Reasonableness_rebuttal_10
104	T3	Cogency_25	No_Rethorics		
138	T1	Cogency_25	No_Rethorics	Reasonableness_counterargument_15	Reasonableness_rebuttal_10
138	T2	Cogency_0	No_Rethorics		
138	T9	Cogency_25	No_Rethorics		
138	T4	Cogency_25	No_Rethorics		
138	T11	Cogency_10	No_Rethorics	Reasonableness_counterargument_0	Reasonableness_rebuttal_0
139	T11	Cogency_15	No_Rethorics		
139	T6	Cogency_25	Logos		
139	T1	Cogency_20	No_Rethorics		
139	T5	Cogency_25	Logos		
105	T1	Cogency_20	No_Rethorics	Reasonableness_counterargument_15	Reasonableness_rebuttal_0
105	T2	Cogency_15	Pathos		
105	T10	Cogency_10	No_Rethorics		
105	T7	Cogency_15	No_Rethorics		
105	T13	Cogency_0	No_Rethorics		
111	T14	Cogency_10	No_Rethorics		
111	T1	Cogency_25	No_Rethorics		
111	T3	Cogency_0	No_Rethorics		
111	T9	Cogency_20	Pathos		
111	T4	Cogency_25	Logos		
307	T8	Cogency_20	No_Rethorics		
307	T6	Cogency_20	No_Rethorics		
307	T1	Cogency_20	No_Rethorics		
313	T20	Cogency_25	No_Rethorics		
313	T22	Cogency_0	No_Rethorics		
313	T11	Cogency_25	Pathos		
313	T1	Cogency_25	No_Rethorics		
273	T12	Cogency_10	No_Rethorics	Reasonableness_counterargument_10	Reasonableness_rebuttal_0
273	T9	Cogency_25	No_Rethorics		
273	T15	Cogency_0	No_Rethorics		
273	T5	Cogency_10	No_Rethorics		
273	T2	Cogency_10	No_Rethorics		
273	T4	Cogency_25	No_Rethorics	Reasonableness_counterargument_10	Reasonableness_rebuttal_10
273	T1	Cogency_0	No_Rethorics		
267	T10	Cogency_15	Pathos		
267	T3	Cogency_0	No_Rethorics		
267	T1	Cogency_20	No_Rethorics	Reasonableness_counterargument_0	Reasonableness_rebuttal_0
267	T2	Cogency_0	No_Rethorics		
267	T16	Cogency_10	No_Rethorics		
267	T15	Cogency_25	No_Rethorics		
298	T3	Cogency_0	No_Rethorics	Reasonableness_counterargument_10	Reasonableness_rebuttal_0
298	T1	Cogency_25	No_Rethorics	Reasonableness_counterargument_0	Reasonableness_rebuttal_10
298	T15	Cogency_25	Pathos		
298	T16	Cogency_25	No_Rethorics		
059	T13	Cogency_0	No_Rethorics		
059	T15	Cogency_20	No_Rethorics		
059	T5	Cogency_15	Pathos		
059	T9	Cogency_10	No_Rethorics		
059	T4	Cogency_0	No_Rethorics		
059	T1	Cogency_15	No_Rethorics	Reasonableness_counterargument_20	Reasonableness_rebuttal_0
071	T3	Cogency_10	No_Rethorics		
071	T1	Cogency_20	No_Rethorics	Reasonableness_counterargument_10	Reasonableness_rebuttal_10
071	T4	Cogency_20	Logos		
071	T5	Cogency_0	No_Rethorics	Reasonableness_counterargument_0	Reasonableness_rebuttal_0
065	T12	Cogency_15	Ethos		
065	T3	Cogency_0	No_Rethorics		
065	T1	Cogency_25	No_Rethorics		
065	T4	Cogency_15	No_Rethorics		
065	T7	Cogency_20	No_Rethorics		
049	T2	Cogency_15	No_Rethorics	Reasonableness_counterargument_20	Reasonableness_rebuttal_0
049	T1	Cogency_0	No_Rethorics		
049	T9	Cogency_20	Pathos		
049	T4	Cogency_25	No_Rethorics		
061	T5	Cogency_20	No_Rethorics		
061	T4	Cogency_25	No_Rethorics		
061	T3	Cogency_15	No_Rethorics	Reasonableness_counterargument_20	Reasonableness_rebuttal_0
061	T2	Cogency_0	No_Rethorics		
061	T6	Cogency_20	No_Rethorics		
075	T8	Cogency_10	Pathos	Reasonableness_counterargument_15	Reasonableness_rebuttal_0
075	T5	Cogency_15	No_Rethorics		
075	T4	Cogency_0	No_Rethorics		
075	T1	Cogency_15	No_Rethorics	Reasonableness_counterargument_10	Reasonableness_rebuttal_15
075	T3	Cogency_0	No_Rethorics		
288	T12	Cogency_25	No_Rethorics		
288	T11	Cogency_0	No_Rethorics		
288	T2	Cogency_25	No_Rethorics		
288	T3	Cogency_0	No_Rethorics		
288	T19	Cogency_20	No_Rethorics		
288	T13	Cogency_20	No_Rethorics		
263	T2	Cogency_25	No_Rethorics		
263	T1	Cogency_20	No_Rethorics	Reasonableness_counterargument_0	Reasonableness_rebuttal_10
263	T7	Cogency_0	No_Rethorics		
263	T9	Cogency_0	No_Rethorics	Reasonableness_counterargument_10	Reasonableness_rebuttal_0
277	T4	Cogency_0	No_Rethorics		
277	T1	Cogency_15	No_Rethorics		
277	T6	Cogency_25	No_Rethorics		
277	T10	Cogency_15	No_Rethorics		
277	T14	Cogency_0	No_Rethorics		
317	T18	Cogency_0	Ethos		
317	T1	Cogency_25	No_Rethorics		
317	T2	Cogency_20	No_Rethorics		
317	T16	Cogency_20	Ethos		
317	T10	Cogency_25	Ethos		
303	T1	Cogency_25	No_Rethorics		
303	T2	Cogency_0	No_Rethorics		
303	T11	Cogency_25	Pathos		
303	T8	Cogency_25	Pathos		
303	T17	Cogency_25	Pathos		
129	T3	Cogency_0	No_Rethorics		
129	T1	Cogency_20	No_Rethorics	Reasonableness_counterargument_10	Reasonableness_rebuttal_0
129	T6	Cogency_10	Pathos		
129	T12	Cogency_15	Pathos		
129	T13	Cogency_10	Pathos	Reasonableness_counterargument_0	Reasonableness_rebuttal_0
115	T5	Cogency_10	No_Rethorics		
115	T6	Cogency_10	No_Rethorics		
115	T1	Cogency_0	No_Rethorics		
115	T2	Cogency_25	No_Rethorics	Reasonableness_counterargument_15	Reasonableness_rebuttal_0
115	T9	Cogency_25	No_Rethorics		
101	T7	Cogency_25	No_Rethorics		
101	T14	Cogency_10	No_Rethorics		
101	T4	Cogency_15	No_Rethorics		
101	T1	Cogency_25	No_Rethorics	Reasonableness_counterargument_25	Reasonableness_rebuttal_0
100	T16	Cogency_25	No_Rethorics		
100	T3	Cogency_0	No_Rethorics		
100	T1	Cogency_25	No_Rethorics	Reasonableness_counterargument_20	Reasonableness_rebuttal_0
100	T4	Cogency_25	No_Rethorics		
100	T8	Cogency_20	Pathos		
114	T4	Cogency_0	No_Rethorics		
114	T1	Cogency_25	No_Rethorics		
114	T5	Cogency_15	No_Rethorics		
114	T10	Cogency_25	Pathos		
128	T8	Cogency_20	Ethos		
128	T10	Cogency_15	No_Rethorics		
128	T2	Cogency_15	Pathos		
128	T1	Cogency_25	No_Rethorics		
128	T13	Cogency_0	No_Rethorics		
302	T8	Cogency_25	Pathos		
302	T6	Cogency_25	Pathos		
302	T1	Cogency_25	No_Rethorics		
302	T2	Cogency_0	No_Rethorics		
302	T13	Cogency_25	Pathos		
316	T10	Cogency_25	No_Rethorics		
316	T1	Cogency_25	No_Rethorics		
316	T8	Cogency_20	No_Rethorics		
276	T5	Cogency_25	No_Rethorics		
276	T6	Cogency_15	No_Rethorics		
276	T2	Cogency_0	No_Rethorics		
276	T1	Cogency_20	No_Rethorics		
276	T10	Cogency_0	No_Rethorics		
276	T14	Cogency_25	No_Rethorics		
262	T14	Cogency_10	No_Rethorics		
262	T11	Cogency_25	No_Rethorics		
262	T13	Cogency_25	No_Rethorics		
262	T3	Cogency_0	No_Rethorics		
262	T1	Cogency_25	No_Rethorics		
289	T1	Cogency_25	No_Rethorics		
289	T3	Cogency_0	No_Rethorics		
289	T8	Cogency_20	No_Rethorics		
289	T5	Cogency_25	No_Rethorics		
289	T24	Cogency_25	No_Rethorics		
289	T20	Cogency_20	No_Rethorics		
074	T1	Cogency_20	No_Rethorics	Reasonableness_counterargument_20	Reasonableness_rebuttal_0
074	T3	Cogency_25	No_Rethorics		
074	T7	Cogency_20	No_Rethorics		
060	T1	Cogency_15	No_Rethorics	Reasonableness_counterargument_15	Reasonableness_rebuttal_0
060	T3	Cogency_0	No_Rethorics		
060	T8	Cogency_15	No_Rethorics		
060	T4	Cogency_20	No_Rethorics		
060	T12	Cogency_15	Ethos	Reasonableness_counterargument_10	Reasonableness_rebuttal_0
048	T9	Cogency_15	No_Rethorics		
048	T4	Cogency_15	No_Rethorics		
048	T1	Cogency_25	No_Rethorics	Reasonableness_counterargument_20	Reasonableness_rebuttal_0
048	T3	Cogency_20	No_Rethorics		
089	T14	Cogency_20	No_Rethorics		
089	T13	Cogency_15	No_Rethorics		
089	T9	Cogency_25	Logos		
089	T1	Cogency_20	No_Rethorics		
089	T2	Cogency_0	No_Rethorics		
089	T7	Cogency_10	Logos		
089	T6	Cogency_0	No_Rethorics		
076	T8	Cogency_15	No_Rethorics		
076	T4	Cogency_20	No_Rethorics		
076	T1	Cogency_15	No_Rethorics	Reasonableness_counterargument_15	Reasonableness_rebuttal_0
062	T5	Cogency_20	No_Rethorics		
062	T9	Cogency_20	Ethos		
062	T3	Cogency_15	No_Rethorics		
062	T1	Cogency_25	No_Rethorics	Reasonableness_counterargument_0	Reasonableness_rebuttal_25
062	T15	Cogency_0	No_Rethorics	Reasonableness_counterargument_20	Reasonableness_rebuttal_0
248	T18	Cogency_25	No_Rethorics		
248	T11	Cogency_25	Pathos		
248	T1	Cogency_25	No_Rethorics	Reasonableness_counterargument_25	Reasonableness_rebuttal_0
248	T3	Cogency_0	No_Rethorics		
248	T19	Cogency_25	No_Rethorics	Reasonableness_counterargument_10	Reasonableness_rebuttal_0
274	T1	Cogency_25	No_Rethorics		
274	T8	Cogency_25	Ethos		
274	T16	Cogency_25	Ethos		
260	T1	Cogency_20	No_Rethorics		
260	T2	Cogency_15	No_Rethorics		
260	T15	Cogency_0	No_Rethorics		
260	T12	Cogency_25	Pathos		
328	T17	Cogency_0	No_Rethorics		
328	T18	Cogency_0	No_Rethorics		
328	T3	Cogency_25	No_Rethorics	Reasonableness_counterargument_0	Reasonableness_rebuttal_0
328	T15	Cogency_0	No_Rethorics		
328	T2	Cogency_0	No_Rethorics		
328	T1	Cogency_25	No_Rethorics		
300	T4	Cogency_10	No_Rethorics		
300	T1	Cogency_25	No_Rethorics		
300	T5	Cogency_25	No_Rethorics		
300	T6	Cogency_25	No_Rethorics		
314	T20	Cogency_10	No_Rethorics		
314	T6	Cogency_25	No_Rethorics	Reasonableness_counterargument_0	Reasonableness_rebuttal_10
314	T16	Cogency_25	No_Rethorics		
314	T2	Cogency_0	No_Rethorics		
314	T4	Cogency_25	No_Rethorics	Reasonableness_counterargument_0	Reasonableness_rebuttal_0
314	T3	Cogency_0	No_Rethorics		
314	T5	Cogency_0	No_Rethorics		
102	T16	Cogency_25	Pathos		
102	T12	Cogency_25	Logos		
102	T9	Cogency_20	No_Rethorics	Reasonableness_counterargument_10	Reasonableness_rebuttal_0
102	T7	Cogency_0	No_Rethorics		
102	T1	Cogency_25	No_Rethorics	Reasonableness_counterargument_25	Reasonableness_rebuttal_25
102	T2	Cogency_0	No_Rethorics		
116	T8	Cogency_25	No_Rethorics		
116	T6	Cogency_25	No_Rethorics		
116	T1	Cogency_25	No_Rethorics		
116	T2	Cogency_0	No_Rethorics		
116	T11	Cogency_10	No_Rethorics		
117	T1	Cogency_25	No_Rethorics	Reasonableness_counterargument_15	Reasonableness_rebuttal_0
117	T2	Cogency_15	No_Rethorics		
117	T8	Cogency_25	Logos		
117	T5	Cogency_0	No_Rethorics		
103	T8	Cogency_15	No_Rethorics	Reasonableness_counterargument_25	Reasonableness_rebuttal_0
103	T1	Cogency_15	No_Rethorics		
103	T7	Cogency_0	No_Rethorics		
103	T4	Cogency_25	No_Rethorics		
315	T7	Cogency_15	No_Rethorics		
315	T11	Cogency_0	No_Rethorics		
315	T5	Cogency_0	No_Rethorics		
315	T6	Cogency_0	No_Rethorics		
315	T2	Cogency_25	No_Rethorics		
315	T1	Cogency_25	No_Rethorics	Reasonableness_counterargument_0	Reasonableness_rebuttal_0
301	T6	Cogency_25	Pathos		
301	T11	Cogency_25	Pathos		
301	T3	Cogency_0	No_Rethorics		
301	T1	Cogency_25	No_Rethorics		
301	T12	Cogency_25	Pathos	Reasonableness_counterargument_10	Reasonableness_rebuttal_0
301	T17	Cogency_0	No_Rethorics		
329	T11	Cogency_15	Ethos	Reasonableness_counterargument_15	Reasonableness_rebuttal_0
329	T3	Cogency_0	No_Rethorics		
329	T1	Cogency_20	No_Rethorics	Reasonableness_counterargument_10	Reasonableness_rebuttal_0
329	T4	Cogency_0	No_Rethorics		
329	T8	Cogency_10	Pathos	Reasonableness_counterargument_10	Reasonableness_rebuttal_0
261	T18	Cogency_0	No_Rethorics		
261	T15	Cogency_25	No_Rethorics		
261	T13	Cogency_25	No_Rethorics		
261	T7	Cogency_25	No_Rethorics		
261	T1	Cogency_25	No_Rethorics		
261	T2	Cogency_10	No_Rethorics		
275	T16	Cogency_0	No_Rethorics		
275	T14	Cogency_25	Pathos		
275	T1	Cogency_25	No_Rethorics	Reasonableness_counterargument_0	Reasonableness_rebuttal_0
275	T2	Cogency_25	Pathos		
275	T18	Cogency_0	No_Rethorics		
249	T1	Cogency_25	No_Rethorics	Reasonableness_counterargument_0	Reasonableness_rebuttal_25
249	T3	Cogency_15	No_Rethorics		
249	T16	Cogency_0	No_Rethorics	Reasonableness_counterargument_10	Reasonableness_rebuttal_0
249	T13	Cogency_20	No_Rethorics		
249	T18	Cogency_0	No_Rethorics		
063	T3	Cogency_25	No_Rethorics		
063	T1	Cogency_20	No_Rethorics	Reasonableness_counterargument_0	Reasonableness_rebuttal_25
063	T10	Cogency_20	Logos		
063	T13	Cogency_0	No_Rethorics	Reasonableness_counterargument_25	Reasonableness_rebuttal_0
077	T3	Cogency_25	Pathos		
077	T1	Cogency_20	No_Rethorics	Reasonableness_counterargument_15	Reasonableness_rebuttal_0
077	T4	Cogency_20	No_Rethorics		
077	T5	Cogency_15	No_Rethorics		
088	T5	Cogency_15	Logos		
088	T4	Cogency_15	Logos		
088	T1	Cogency_20	No_Rethorics		
088	T3	Cogency_0	No_Rethorics		
010	T3	Cogency_25	No_Rethorics	Reasonableness_counterargument_0	Reasonableness_rebuttal_0
010	T4	Cogency_10	No_Rethorics		
010	T9	Cogency_15	No_Rethorics		
010	T1	Cogency_10	No_Rethorics		
010	T17	Cogency_0	No_Rethorics		
010	T15	Cogency_0	No_Rethorics		
010	T12	Cogency_20	No_Rethorics		
004	T1	Cogency_20	No_Rethorics	Reasonableness_counterargument_0	Reasonableness_rebuttal_0
004	T3	Cogency_0	No_Rethorics		
004	T5	Cogency_20	Logos		
004	T4	Cogency_15	Logos		
038	T13	Cogency_15	No_Rethorics	Reasonableness_counterargument_15	Reasonableness_rebuttal_0
038	T10	Cogency_25	Pathos		
038	T3	Cogency_25	No_Rethorics		
038	T1	Cogency_20	No_Rethorics	Reasonableness_counterargument_15	Reasonableness_rebuttal_10
038	T2	Cogency_0	No_Rethorics		
206	T4	Cogency_25	No_Rethorics		
206	T13	Cogency_25	No_Rethorics		
206	T2	Cogency_0	No_Rethorics		
206	T1	Cogency_25	No_Rethorics		
206	T14	Cogency_25	No_Rethorics		
399	T3	Cogency_25	No_Rethorics		
399	T1	Cogency_15	No_Rethorics		
399	T7	Cogency_25	No_Rethorics		
399	T9	Cogency_10	No_Rethorics		
366	T11	Cogency_20	Logos		
366	T7	Cogency_20	Logos		
366	T1	Cogency_20	No_Rethorics		
366	T3	Cogency_0	No_Rethorics		
400	T10	Cogency_10	No_Rethorics		
400	T1	Cogency_25	No_Rethorics		
400	T3	Cogency_25	No_Rethorics		
372	T9	Cogency_25	No_Rethorics		
372	T4	Cogency_25	No_Rethorics		
372	T1	Cogency_25	No_Rethorics		
372	T3	Cogency_0	No_Rethorics		
164	T2	Cogency_25	No_Rethorics		
164	T1	Cogency_25	No_Rethorics		
164	T7	Cogency_25	No_Rethorics		
164	T9	Cogency_25	No_Rethorics		
164	T14	Cogency_10	No_Rethorics		
170	T12	Cogency_25	No_Rethorics		
170	T1	Cogency_0	No_Rethorics		
170	T3	Cogency_25	No_Rethorics	Reasonableness_counterargument_20	Reasonableness_rebuttal_0
170	T4	Cogency_25	No_Rethorics		
170	T8	Cogency_25	No_Rethorics		
158	T4	Cogency_25	No_Rethorics		
158	T9	Cogency_15	No_Rethorics		
158	T3	Cogency_0	No_Rethorics		
158	T1	Cogency_25	No_Rethorics	Reasonableness_counterargument_25	Reasonableness_rebuttal_0
158	T11	Cogency_10	No_Rethorics		
158	T12	Cogency_0	No_Rethorics		
159	T3	Cogency_25	No_Rethorics		
159	T1	Cogency_15	No_Rethorics		
159	T9	Cogency_15	No_Rethorics		
171	T6	Cogency_25	No_Rethorics		
171	T3	Cogency_25	No_Rethorics		
171	T1	Cogency_25	No_Rethorics		
165	T8	Cogency_10	Pathos		
165	T13	Cogency_0	No_Rethorics		
165	T2	Cogency_25	Pathos		
165	T1	Cogency_25	No_Rethorics		
373	T1	Cogency_25	No_Rethorics		
373	T2	Cogency_25	No_Rethorics		
373	T15	Cogency_25	No_Rethorics		
373	T9	Cogency_20	No_Rethorics		
373	T18	Cogency_10	No_Rethorics		
367	T10	Cogency_0	No_Rethorics		
367	T1	Cogency_25	No_Rethorics		
367	T2	Cogency_25	No_Rethorics		
367	T8	Cogency_25	No_Rethorics		
367	T5	Cogency_10	No_Rethorics		
401	T1	Cogency_25	No_Rethorics		
401	T5	Cogency_10	No_Rethorics		
401	T8	Cogency_25	No_Rethorics		
398	T12	Cogency_25	No_Rethorics		
398	T8	Cogency_15	No_Rethorics		
398	T10	Cogency_25	No_Rethorics		
398	T1	Cogency_0	No_Rethorics		
398	T2	Cogency_15	No_Rethorics		
207	T1	Cogency_10	No_Rethorics		
207	T3	Cogency_10	No_Rethorics	Reasonableness_counterargument_15	Reasonableness_rebuttal_0
207	T5	Cogency_20	No_Rethorics		
207	T8	Cogency_20	No_Rethorics		
039	T2	Cogency_20	No_Rethorics		
039	T3	Cogency_0	No_Rethorics		
039	T10	Cogency_20	No_Rethorics		
039	T7	Cogency_15	No_Rethorics		
005	T12	Cogency_0	No_Rethorics		
005	T5	Cogency_20	No_Rethorics		
005	T4	Cogency_10	No_Rethorics	Reasonableness_counterargument_0	Reasonableness_rebuttal_0
005	T1	Cogency_20	No_Rethorics	Reasonableness_counterargument_0	Reasonableness_rebuttal_0
005	T3	Cogency_10	No_Rethorics		
011	T9	Cogency_20	Ethos		
011	T4	Cogency_25	Logos		
011	T1	Cogency_25	No_Rethorics		
011	T2	Cogency_0	No_Rethorics		
011	T18	Cogency_25	No_Rethorics		
011	T13	Cogency_15	Logos		
007	T2	Cogency_25	No_Rethorics		
007	T1	Cogency_25	No_Rethorics		
007	T6	Cogency_20	No_Rethorics		
007	T10	Cogency_15	No_Rethorics		
013	T2	Cogency_0	No_Rethorics		
013	T1	Cogency_20	No_Rethorics	Reasonableness_counterargument_15	Reasonableness_rebuttal_10
013	T3	Cogency_15	No_Rethorics	Reasonableness_counterargument_0	Reasonableness_rebuttal_0
013	T13	Cogency_25	Ethos		
013	T18	Cogency_25	No_Rethorics		
205	T5	Cogency_25	No_Rethorics		
205	T4	Cogency_0	No_Rethorics		
205	T1	Cogency_20	No_Rethorics		
205	T2	Cogency_0	No_Rethorics		
205	T14	Cogency_25	No_Rethorics		
205	T9	Cogency_15	No_Rethorics		
211	T12	Cogency_0	No_Rethorics	Reasonableness_counterargument_10	Reasonableness_rebuttal_10
211	T7	Cogency_25	No_Rethorics		
211	T6	Cogency_25	No_Rethorics		
211	T16	Cogency_25	No_Rethorics	Reasonableness_counterargument_0	Reasonableness_rebuttal_25
211	T2	Cogency_0	No_Rethorics		
239	T11	Cogency_25	No_Rethorics		
239	T2	Cogency_25	No_Rethorics		
239	T12	Cogency_25	No_Rethorics		
239	T1	Cogency_25	No_Rethorics		
371	T11	Cogency_10	No_Rethorics		
371	T7	Cogency_25	Logos	Reasonableness_counterargument_0	Reasonableness_rebuttal_10
371	T1	Cogency_25	No_Rethorics		
365	T8	Cogency_0	No_Rethorics		
365	T5	Cogency_25	Logos		
365	T1	Cogency_15	No_Rethorics		
359	T15	Cogency_25	No_Rethorics		
359	T2	Cogency_0	No_Rethorics		
359	T1	Cogency_25	No_Rethorics		
359	T4	Cogency_0	No_Rethorics		
359	T11	Cogency_25	No_Rethorics		
198	T3	Cogency_25	No_Rethorics		
198	T8	Cogency_25	No_Rethorics		
198	T2	Cogency_0	No_Rethorics		
198	T1	Cogency_25	No_Rethorics		
198	T13	Cogency_15	No_Rethorics		
198	T15	Cogency_0	No_Rethorics		
173	T16	Cogency_15	No_Rethorics		
173	T1	Cogency_20	No_Rethorics	Reasonableness_counterargument_0	Reasonableness_rebuttal_10
173	T3	Cogency_0	No_Rethorics	Reasonableness_counterargument_0	Reasonableness_rebuttal_0
173	T10	Cogency_25	No_Rethorics		
173	T5	Cogency_25	No_Rethorics		
167	T1	Cogency_25	No_Rethorics		
167	T2	Cogency_0	No_Rethorics		
167	T14	Cogency_15	No_Rethorics		
167	T7	Cogency_25	No_Rethorics		
167	T16	Cogency_10	No_Rethorics		
166	T10	Cogency_25	No_Rethorics		
166	T3	Cogency_25	No_Rethorics		
166	T1	Cogency_25	No_Rethorics	Reasonableness_counterargument_0	Reasonableness_rebuttal_0
166	T2	Cogency_0	No_Rethorics		
166	T16	Cogency_10	No_Rethorics		
166	T11	Cogency_25	No_Rethorics		
166	T18	Cogency_0	No_Rethorics		
166	T19	Cogency_0	No_Rethorics		
172	T14	Cogency_25	No_Rethorics	Reasonableness_counterargument_0	Reasonableness_rebuttal_0
172	T9	Cogency_25	No_Rethorics	Reasonableness_counterargument_0	Reasonableness_rebuttal_0
172	T1	Cogency_25	No_Rethorics	Reasonableness_counterargument_20	Reasonableness_rebuttal_10
172	T3	Cogency_25	No_Rethorics		
199	T2	Cogency_0	No_Rethorics		
199	T1	Cogency_20	No_Rethorics		
199	T4	Cogency_0	No_Rethorics		
199	T5	Cogency_15	No_Rethorics		
199	T10	Cogency_25	No_Rethorics		
358	T14	Cogency_25	No_Rethorics		
358	T7	Cogency_25	No_Rethorics		
358	T1	Cogency_10	No_Rethorics	Reasonableness_counterargument_25	Reasonableness_rebuttal_0
402	T8	Cogency_20	No_Rethorics		
402	T1	Cogency_25	No_Rethorics		
402	T15	Cogency_10	No_Rethorics		
364	T15	Cogency_15	No_Rethorics		
364	T2	Cogency_0	No_Rethorics		
364	T1	Cogency_25	No_Rethorics	Reasonableness_counterargument_0	Reasonableness_rebuttal_0
364	T8	Cogency_25	No_Rethorics		
364	T14	Cogency_25	No_Rethorics		
370	T3	Cogency_0	No_Rethorics		
370	T1	Cogency_20	No_Rethorics		
370	T8	Cogency_20	No_Rethorics		
370	T10	Cogency_25	No_Rethorics		
238	T5	Cogency_15	No_Rethorics		
238	T3	Cogency_0	No_Rethorics		
238	T1	Cogency_20	No_Rethorics		
238	T2	Cogency_0	No_Rethorics		
238	T9	Cogency_10	Pathos		
210	T2	Cogency_25	No_Rethorics		
210	T5	Cogency_25	No_Rethorics		
210	T6	Cogency_25	No_Rethorics		
204	T3	Cogency_25	No_Rethorics	Reasonableness_counterargument_0	Reasonableness_rebuttal_0
204	T1	Cogency_0	No_Rethorics		
204	T8	Cogency_25	No_Rethorics		
204	T4	Cogency_25	No_Rethorics		
204	T14	Cogency_25	No_Rethorics		
012	T1	Cogency_20	No_Rethorics		
012	T8	Cogency_0	No_Rethorics		
012	T3	Cogency_15	No_Rethorics		
012	T2	Cogency_25	No_Rethorics		
012	T14	Cogency_25	Logos		
006	T6	Cogency_25	Ethos		
006	T4	Cogency_25	Pathos		
006	T5	Cogency_15	No_Rethorics		
006	T3	Cogency_0	No_Rethorics		
006	T1	Cogency_25	No_Rethorics		
002	T1	Cogency_20	No_Rethorics	Reasonableness_counterargument_0	Reasonableness_rebuttal_0
002	T4	Cogency_20	Ethos		
002	T14	Cogency_0	No_Rethorics		
002	T10	Cogency_15	Pathos		
016	T3	Cogency_10	No_Rethorics	Reasonableness_counterargument_20	Reasonableness_rebuttal_0
016	T1	Cogency_0	No_Rethorics		
016	T10	Cogency_15	No_Rethorics	Reasonableness_counterargument_0	Reasonableness_rebuttal_0
016	T5	Cogency_20	No_Rethorics		
228	T16	Cogency_0	No_Rethorics		
228	T2	Cogency_0	No_Rethorics		
228	T1	Cogency_25	No_Rethorics	Reasonableness_counterargument_0	Reasonableness_rebuttal_0
228	T3	Cogency_0	No_Rethorics	Reasonableness_counterargument_0	Reasonableness_rebuttal_0
228	T5	Cogency_0	No_Rethorics		
228	T15	Cogency_0	No_Rethorics		
228	T14	Cogency_0	No_Rethorics		
228	T6	Cogency_15	Pathos		
228	T12	Cogency_25	No_Rethorics		
200	T12	Cogency_25	No_Rethorics		
200	T19	Cogency_0	No_Rethorics		
200	T3	Cogency_25	Logos		
200	T7	Cogency_25	Ethos		
200	T2	Cogency_25	No_Rethorics		
200	T1	Cogency_25	No_Rethorics		
214	T5	Cogency_0	No_Rethorics		
214	T8	Cogency_25	No_Rethorics		
214	T3	Cogency_10	No_Rethorics		
214	T4	Cogency_25	No_Rethorics		
214	T6	Cogency_25	No_Rethorics		
214	T20	Cogency_25	No_Rethorics		
348	T2	Cogency_25	No_Rethorics		
348	T9	Cogency_25	No_Rethorics		
348	T10	Cogency_25	No_Rethorics		
374	T10	Cogency_25	No_Rethorics		
374	T1	Cogency_25	No_Rethorics		
374	T4	Cogency_25	No_Rethorics		
360	T11	Cogency_25	No_Rethorics		
360	T4	Cogency_25	No_Rethorics		
360	T3	Cogency_10	No_Rethorics	Reasonableness_counterargument_25	Reasonableness_rebuttal_25
360	T1	Cogency_0	No_Rethorics		
189	T21	Cogency_25	No_Rethorics		
189	T5	Cogency_0	No_Rethorics		
189	T4	Cogency_0	No_Rethorics		
189	T1	Cogency_25	No_Rethorics	Reasonableness_counterargument_0	Reasonableness_rebuttal_0
189	T3	Cogency_0	No_Rethorics		
189	T8	Cogency_25	No_Rethorics		
189	T7	Cogency_0	No_Rethorics		
189	T12	Cogency_15	No_Rethorics		
189	T15	Cogency_25	No_Rethorics		
176	T4	Cogency_25	No_Rethorics		
176	T1	Cogency_20	No_Rethorics		
176	T8	Cogency_25	No_Rethorics		
176	T10	Cogency_25	No_Rethorics		
176	T15	Cogency_0	No_Rethorics		
162	T3	Cogency_25	No_Rethorics		
162	T1	Cogency_10	No_Rethorics	Reasonableness_counterargument_10	Reasonableness_rebuttal_0
162	T6	Cogency_25	Logos		
163	T13	Cogency_25	No_Rethorics		
163	T5	Cogency_25	No_Rethorics		
163	T9	Cogency_25	No_Rethorics		
163	T2	Cogency_0	No_Rethorics		
163	T1	Cogency_25	No_Rethorics		
177	T11	Cogency_20	No_Rethorics		
177	T12	Cogency_25	No_Rethorics		
177	T3	Cogency_25	No_Rethorics	Reasonableness_counterargument_10	Reasonableness_rebuttal_0
177	T1	Cogency_20	No_Rethorics	Reasonableness_counterargument_20	Reasonableness_rebuttal_10
177	T16	Cogency_15	No_Rethorics	Reasonableness_counterargument_10	Reasonableness_rebuttal_0
188	T1	Cogency_25	No_Rethorics		
188	T2	Cogency_0	No_Rethorics		
188	T4	Cogency_25	No_Rethorics		
188	T3	Cogency_0	No_Rethorics		
188	T14	Cogency_0	No_Rethorics		
188	T11	Cogency_25	No_Rethorics		
188	T7	Cogency_25	Ethos		
361	T1	Cogency_15	No_Rethorics	Reasonableness_counterargument_25	Reasonableness_rebuttal_0
361	T2	Cogency_15	No_Rethorics		
361	T10	Cogency_25	No_Rethorics		
361	T5	Cogency_25	No_Rethorics		
361	T12	Cogency_0	No_Rethorics		
375	T10	Cogency_25	No_Rethorics		
375	T1	Cogency_10	No_Rethorics	Reasonableness_counterargument_25	Reasonableness_rebuttal_0
375	T2	Cogency_0	No_Rethorics		
375	T9	Cogency_10	No_Rethorics		
375	T8	Cogency_0	No_Rethorics		
349	T3	Cogency_0	No_Rethorics		
349	T14	Cogency_25	No_Rethorics		
349	T1	Cogency_10	No_Rethorics	Reasonableness_counterargument_25	Reasonableness_rebuttal_0
349	T4	Cogency_25	No_Rethorics		
215	T2	Cogency_10	No_Rethorics		
215	T1	Cogency_20	No_Rethorics	Reasonableness_counterargument_10	Reasonableness_rebuttal_10
215	T5	Cogency_20	Ethos		
215	T13	Cogency_15	No_Rethorics	Reasonableness_counterargument_10	Reasonableness_rebuttal_0
215	T18	Cogency_20	Ethos		
201	T5	Cogency_10	No_Rethorics	Reasonableness_counterargument_10	Reasonableness_rebuttal_10
201	T1	Cogency_0	No_Rethorics		
201	T2	Cogency_25	No_Rethorics	Reasonableness_counterargument_0	Reasonableness_rebuttal_0
201	T3	Cogency_25	Ethos		
201	T4	Cogency_10	No_Rethorics		
229	T9	Cogency_25	No_Rethorics		
229	T15	Cogency_20	Ethos		
229	T2	Cogency_0	No_Rethorics		
229	T1	Cogency_25	No_Rethorics	Reasonableness_counterargument_0	Reasonableness_rebuttal_0
229	T17	Cogency_0	No_Rethorics		
017	T14	Cogency_15	No_Rethorics		
017	T10	Cogency_20	Ethos		
017	T5	Cogency_20	Pathos		
017	T4	Cogency_0	No_Rethorics		
017	T1	Cogency_20	No_Rethorics		
017	T2	Cogency_0	No_Rethorics		
003	T8	Cogency_25	Ethos		
003	T1	Cogency_25	No_Rethorics		
003	T3	Cogency_25	Logos		
029	T9	Cogency_10	No_Rethorics		
029	T13	Cogency_10	No_Rethorics		
029	T3	Cogency_20	No_Rethorics		
029	T5	Cogency_0	No_Rethorics		
029	T2	Cogency_0	No_Rethorics		
029	T1	Cogency_25	No_Rethorics		
015	T2	Cogency_25	No_Rethorics		
015	T1	Cogency_20	No_Rethorics		
015	T10	Cogency_20	No_Rethorics		
001	T3	Cogency_20	Logos		
001	T1	Cogency_25	No_Rethorics	Reasonableness_counterargument_10	Reasonableness_rebuttal_0
001	T7	Cogency_10	No_Rethorics		
001	T11	Cogency_15	Ethos		
217	T14	Cogency_10	No_Rethorics		
217	T6	Cogency_25	No_Rethorics		
217	T1	Cogency_25	No_Rethorics	Reasonableness_counterargument_25	Reasonableness_rebuttal_0
217	T2	Cogency_25	No_Rethorics		
203	T13	Cogency_25	Pathos		
203	T9	Cogency_0	Pathos		
203	T12	Cogency_25	Pathos		
203	T6	Cogency_25	No_Rethorics		
203	T4	Cogency_0	No_Rethorics	Reasonableness_counterargument_10	Reasonableness_rebuttal_0
203	T1	Cogency_15	No_Rethorics		
203	T2	Cogency_0	No_Rethorics		
388	T10	Cogency_10	No_Rethorics		
388	T1	Cogency_20	No_Rethorics	Reasonableness_counterargument_10	Reasonableness_rebuttal_0
388	T3	Cogency_0	No_Rethorics		
388	T7	Cogency_25	No_Rethorics		
388	T4	Cogency_10	No_Rethorics	Reasonableness_counterargument_0	Reasonableness_rebuttal_0
363	T3	Cogency_10	No_Rethorics		
363	T5	Cogency_25	No_Rethorics		
363	T2	Cogency_0	No_Rethorics		
363	T1	Cogency_25	No_Rethorics	Reasonableness_counterargument_25	Reasonableness_rebuttal_0
363	T12	Cogency_25	No_Rethorics		
377	T10	Cogency_0	No_Rethorics		
377	T6	Cogency_25	Pathos		
377	T8	Cogency_10	No_Rethorics		
377	T3	Cogency_0	No_Rethorics	Reasonableness_counterargument_0	Reasonableness_rebuttal_0
377	T2	Cogency_25	No_Rethorics	Reasonableness_counterargument_0	Reasonableness_rebuttal_0
149	T22	Cogency_0	No_Rethorics		
149	T15	Cogency_20	Pathos		
149	T1	Cogency_20	No_Rethorics		
149	T7	Cogency_20	No_Rethorics		
161	T21	Cogency_0	No_Rethorics		
161	T22	Cogency_10	No_Rethorics		
161	T19	Cogency_10	No_Rethorics		
161	T11	Cogency_20	Pathos		
161	T1	Cogency_15	No_Rethorics	Reasonableness_counterargument_10	Reasonableness_rebuttal_10
161	T2	Cogency_0	No_Rethorics		
161	T4	Cogency_20	Pathos		
161	T3	Cogency_0	No_Rethorics		
161	T25	Cogency_0	No_Rethorics	Reasonableness_counterargument_10	Reasonableness_rebuttal_0
175	T1	Cogency_25	No_Rethorics	Reasonableness_counterargument_10	Reasonableness_rebuttal_25
175	T4	Cogency_0	No_Rethorics	Reasonableness_counterargument_25	Reasonableness_rebuttal_0
175	T12	Cogency_15	No_Rethorics		
175	T8	Cogency_25	No_Rethorics		
174	T15	Cogency_25	No_Rethorics		
174	T7	Cogency_25	No_Rethorics		
174	T1	Cogency_20	No_Rethorics		
174	T3	Cogency_15	No_Rethorics		
160	T11	Cogency_10	No_Rethorics		
160	T8	Cogency_10	No_Rethorics		
160	T6	Cogency_15	No_Rethorics		
160	T2	Cogency_25	No_Rethorics	Reasonableness_counterargument_25	Reasonableness_rebuttal_0
160	T3	Cogency_10	No_Rethorics		
148	T1	Cogency_25	No_Rethorics	Reasonableness_counterargument_0	Reasonableness_rebuttal_20
148	T3	Cogency_0	No_Rethorics		
148	T9	Cogency_25	No_Rethorics		
148	T4	Cogency_25	No_Rethorics		
148	T11	Cogency_0	Ethos	Reasonableness_counterargument_20	Reasonableness_rebuttal_0
376	T3	Cogency_0	No_Rethorics		
376	T1	Cogency_25	No_Rethorics		
376	T7	Cogency_25	No_Rethorics		
376	T10	Cogency_25	No_Rethorics		
362	T2	Cogency_0	No_Rethorics		
362	T1	Cogency_25	No_Rethorics	Reasonableness_counterargument_10	Reasonableness_rebuttal_0
362	T6	Cogency_15	No_Rethorics		
362	T9	Cogency_15	No_Rethorics		
362	T10	Cogency_15	No_Rethorics		
389	T14	Cogency_25	No_Rethorics		
389	T4	Cogency_25	No_Rethorics		
389	T1	Cogency_25	No_Rethorics		
389	T3	Cogency_0	No_Rethorics		
202	T5	Cogency_25	No_Rethorics		
202	T1	Cogency_25	No_Rethorics		
202	T16	Cogency_25	Pathos		
202	T7	Cogency_25	Pathos		
216	T2	Cogency_25	No_Rethorics		
216	T3	Cogency_25	Pathos		
216	T14	Cogency_25	No_Rethorics		
216	T4	Cogency_25	No_Rethorics		
014	T8	Cogency_0	No_Rethorics		
014	T6	Cogency_20	No_Rethorics		
014	T1	Cogency_25	No_Rethorics		
014	T7	Cogency_15	No_Rethorics	Reasonableness_counterargument_25	Reasonableness_rebuttal_0
028	T9	Cogency_10	No_Rethorics		
028	T11	Cogency_25	Ethos		
028	T3	Cogency_0	No_Rethorics		
028	T1	Cogency_20	No_Rethorics	Reasonableness_counterargument_15	Reasonableness_rebuttal_0
028	T4	Cogency_0	Pathos		
028	T5	Cogency_25	Pathos		
